


CREATE OR REPLACE FUNCTION remove_test_data() RETURNS INT AS $$
BEGIN
      delete from word;
      delete from link;
      delete from image;
      delete from question_t;
      delete from question_status_t;
      RETURN 0;
END; $$
LANGUAGE plpgsql;

CREATE OR REPLACE FUNCTION create_test_data() RETURNS INT AS $$
BEGIN
      INSERT INTO image ( iid, md5, image ) VALUES
      (1,'822fdcdc2fa91a5d92a0af675a825742','ANd9GcScPnoIvDcgSKwZ3sGXEtjiwUNWkCXwmg0YoyD8SoDiK4mDnunECwnk_w.jpg')
      ,(2,'e10a5c9624fb14266d24892aba8198f8','ANd9GcRBFmWitnxKjwsTKHYwI1ZJdBeDQmBeEfTgKftaxl40r1eaqnQ7_E5E6P5h.jpg')
      ,(3,'408ad3dd2b18102b7adeba1d5fd2c56c','ANd9GcSlLx8sof4PPTPdQap4YkEQvCkifKiQH_IffhtIzAR8FUhnHjN-3iU-Jd26.jpg')
      ,(4,'02409a7eff0d89d7407621e6abffed93','ANd9GcRARWz1MMbEo8WE9xvZtJCFChLV1GftXYdkAMudwt1Q2u3fnKxjOq9YF-k.jpg')
      ,(5,'52ccc9d9bcc2c24314054c45ac28b834','ANd9GcSE3Csxdrw8OFsUzCyWO2-G3NJDh4dUnLbpzed26WSDN6xErwpuTc0gl2jf.jpg')
      ,(6,'0d3f7baf0b065f1ff9469d1cfe3e8e7d','ANd9GcTNGL4Y4qbUt_akC7BmkGKt2Vzvtesy4HfwDDVhzSiIukn6k9oriKbngS4.jpg')
      ,(7,'30ecb79dcf40eef90916f30b1278a0fa','ANd9GcQmexX7i5L2ErXVVu0Y4r3pWUlH2sl8ctkpqQq_pleXP8Yjyrdx3qzXtiEU7A.jpg')
      ,(8,'0e0054043f0f9779089a7bfe25fd9e3f','ANd9GcTLiLuabMfJZGue9O2vZTXcsv_h-RPL-bej87UuP6wed5v9yi3mXMPkK4ky.jpg')
      ,(9,'0fb8250b30e0393aea18811cb3e29b46','ANd9GcTBY9FgDAFuwQDs1V1cJR7NtdsMnH7sm4WkDPUjtBz0TyLkwpEVBz9T618X.jpg')
      ,(10,'a6dba2ccd2457c0b72a35f4af6fede98','ANd9GcRQmopv1RH0fHtTO6ljjBYwjVd-Eabjet6YU_XxSmOkqv25ejyIIBOHOHPO.jpg')
      ,(11,'0780146557ae4273de5cd14e60fb2fce','ANd9GcTcx5-Q0SKhnGbjVdbQvwG7g3uWazxvk-yYH5ZeVvERoh6y7k1heFnBtLw.jpg')
      ,(12,'1b0834ed4f6662c2cc5c5cb3863612a0','ANd9GcTOPd7Zc8kdtYcnW3eWVeF_O18q_J8hGdq54x8AeOboOgQM9WKpapGLxC0.jpg')
      ,(13,'91d6678222009dd45387e6bc5d893577','ANd9GcT70tHRb7_EcKwVPhcUuhAmbCTCohDWTxLB6IfNwZ2-qGC_FhD0P0o2ljbg.jpg')
      ,(14,'63b79a9d9666ba806b2ea41effe07b50','ANd9GcRxfuCtIQRyHqe17fT_OaKPuhdw1A07j3zrcthXVTFItHq5bDgOaR7S1cgt.jpg')
      ,(15,'ca60bac8f808ad35e2618d13ec7e9191','ANd9GcSXOn66Cqk6Ah9kELd-dbY51Q080QOOR7qpYytIhLFrZ6HNehtfXRekeNu5.jpg')
      ,(16,'6b889abfab03c935d8773577fcbbeefe','ANd9GcThVszPIoHg_M7oLVOHZxpqJX0KhsJ7Sh64g-6GoeAyF4uVr5B0LfJw8_U38A.jpg')
      ,(17,'424b8683b4b93637d7d60e642313adc9','ANd9GcToB2B-tZPDl-FaFG_Ph9vZSSxv4tCJZPMV_d9ieoGkHqk9J4jb5nC6jnU.jpg')
      ,(18,'1a2fe235814169264dee6e82cbf93167','ANd9GcSRb6bHr9zERh7374MlA-iEOWLLzqBn4AbZlyhVsqpNIlr3T9vNy-YE4NWE.jpg')
      ,(19,'e022ab2fe74005d5bf32d54254aef6c2','ANd9GcQWVzk7a8HHZnM54ETTenoCleL1AdnzsCOs1IqYHHICMITYPEDfZOkTA7M.jpg')
      ,(20,'f51ab17694d0bde0bdadbca66f48b497','ANd9GcSuf5qG8D5b9HKM8p_Suu7FBml679ucmhww23wd9Ay_h0WqA03Zn3HCTQ.jpg')
      ,(21,'5badbc74f7a4d08850d5b9fa6995b710','ANd9GcSsdMkQWLs3NXVB_fQoeFQEUz7knGTyfbHX4ufrzcqKA7MD5KTsgMzJ7239.jpg')
      ,(22,'6b2227bb3fde326528e57675d90522b9','ANd9GcSmNfiA2DDQ3cjlx17NnoSeLF84rM7LpLpIjDciZdNawUN2kWXktW2RziU.jpg')
      ,(23,'3522f821aaf42f167a12310b041101ea','ANd9GcQkxirWMJKnMjU4B87RU6b2DJQZ2OgMMBfN2O1iRRgOTkJM6dX47BRoP47x.jpg')
      ,(24,'ba3d1703e3b92ffb6bc4d9fa1a7e4148','ANd9GcShmj4Uw_FhR25W2ZIlK-6y-53KZd6AhSC6eUKWjO6Gwc3hp4lD2HTHhPjRxw.jpg')
      ,(25,'3028880dac035fd53ee50b537887fbb1','ANd9GcTf7FtU_l9sbsJIEPX0c9p9QljZUgpsC3ZA7zHv-bEgISdGoSCPE2EKfw.jpg')
      ,(26,'1fa9f7dd26fb76d79aec1ae7d6d4d564','ANd9GcRnM-x4cV-VeQqdUDJg6sTUCC6ZPLZ7_f9saGhjBzxqiljmhPfV-TKlUGLx.jpg')
      ,(27,'4f43f469e66dd59ecfa3ec952c621146','ANd9GcQpYSHMHs6Ka513NAYGAY5NaikoFoLwsGbN05REsQDQ_FerYQEcsSDjZkrO.jpg')
      ,(28,'5bf9f2a9f74cc6bb8b9d3e5435d7118d','ANd9GcReCJgI_-_qt8om5pWcnXlJPp7Iio1-mnpLb96iem-GHWAGiW8Vv87y-x3p.jpg')
      ,(29,'5a9c351081de1f2a99c6e9a4dfa3eafa','ANd9GcTXynhFDA1wIXnge6GVia6RIjwczBQ5idc168D24GJCwPiLOb5vz0DUldw0.jpg')
      ,(30,'23d9cdfb98b495937a8733895c702301','ANd9GcT5dlylQx34gdwPTQvWOGwRwPOqVnVByZp81A2-WXxHrAn5JBjpJgp7KQTo.jpg')
      ,(31,'d529d8a341d4af7c621a3818d1f0c342','ANd9GcRFuW-HtZUsAvXfZHFIs8OehxcM5u9knoy9iwBh7OMUvCjLgISpoNzP5A.jpg')
      ,(32,'cc653eb9c278d5954ea802c33d90ae4d','ANd9GcRMYItNsoHWI8U3TLGAm1uVLCPYxvpJCFUDAPHd3J9Y506-m0yEYvsRlpc.jpg')
      ,(33,'9cb61398dd299e4a93089d710ea88fbe','ANd9GcTcfrj9FPnppacaRHe3X1VCwXR7ZipvkyvwBCkhnHCLAkwcg_y2m0Kg-I4.jpg')
      ,(34,'7e07dccc6b0434e1f5ea4992a04b9606','ANd9GcQPmwPSRGkL8_pLrJuc8AtrWRg5pWIeCF8RfeI_-PC2hQVL5y5fRmfpu2o.jpg')
      ,(35,'51cb42970b76b4dc8203a15c2bfcd6aa','ANd9GcShdQISjEt7hDWAN6_N-HUmRz8PqQmH8aox7yFeSnI4QDQoBKTS7iQQ-w.jpg')
      ,(36,'6fbd9ed0372eade4d83fd9745a93156a','ANd9GcT6TEPjUSRTh4bcQ3F8-hfdJNIiW08vIAZb1bASUT67iV21qED44OI_Nvg.jpg')
      ,(37,'4c509057e5694c621a990701934d4827','ANd9GcQdbuj9Rrqt_ohEv-0n5KXhw7CMhW7dsLx2G07Tuz1uc8AfakeMip1ndrM.jpg')
      ,(38,'0931d468eb07ba3d857609705e3c4726','ANd9GcTrkYjcIkbZVRTfMGwJH_-DEoPselPe7GIVjyUlj3nR_ukDA2HYzq5Td-VK.jpg')
      ,(39,'03b1800aff8395c6a5b4c3160a8a6c00','ANd9GcRLrxgSAIEu_99ybFo89qV3WCU5Ld2lJWRcJcKG4Ektymzmh-tKYbsb23A.jpg')
      ,(40,'5de27449968575ddcd85a272976ebc68','ANd9GcTW-hRFR5m7o3zKYTbjW62OQWGNxfGJAt7kAB5ggoKYwf36HN2wr6goaX_z.jpg')
      ,(41,'6cd1a85687138351525554a2aa0c78ab','ANd9GcRGku5W7UGiYDpaS1p9QOPnIbj84OCrCj46YiyUgm6YpqVMP5N-PCwHPLWN.jpg')
      ,(42,'cab012c183463ead9405fb0d35b6dc87','ANd9GcQ6HRv7ZQoRO5CJmjqQNa4HSqzA_4zF3LepKaZP-hAXjD6y8S9ZjzprWEE.jpg')
      ,(43,'4e05ced159fbcd709427cb421c21b3ba','ANd9GcQs7cShG5FIycjaZpgPnjg-UcEp46k5AoMVGTY4tKSrYrCoOJIbrsuRepUV.jpg')
      ,(44,'3d843df930a131e655423dbbeb741077','ANd9GcTRxaMd3hvN5-Y2vB8-yclUA6ul0r-q2oWJO6uRa-yPOlf6sBQEIEiryR2_.jpg')
      ,(45,'464ebf41cc7da69ea2ad08a0797b8a64','ANd9GcRPLnz3-eeLv3jbrSH7Z3W0y7j0xng8H-FMaKx54Pkfx-93I_8qTjLl2VLD.jpg')
      ,(46,'24e2066a287e76f7088263fbb650ce78','ANd9GcQjXQWPACqeiOkgAupIjbrZyBi7RW1_NXfN31groOwNJGiB2N_EWB6iEFw.jpg')
      ,(47,'14c78f3df1b4e6754725cc072c91c71e','ANd9GcQ37HlkTOHgIGlcdRhgZgxxqV4pNMB-KEVsmkHjEwPKHKYxgkG0tslYZw.jpg')
      ,(48,'02550991cc82653d234fa1b6b910fde3','ANd9GcTK28ivssxXGAiVjBM-XZpckQ7XWv0hBpkmAhbbWYdSiCT9J3Za2e5XUys.jpg')
      ,(49,'12dc63b5aad8db2d3662b721d28bf513','ANd9GcRZ6sQZSwPtEbGSIOSOqT_yYkoJDG50PoicU0YItUNPqtui4ek697cb97-W.jpg')
      ,(50,'126e964c97e6fad62179ad53a90ea9a5','ANd9GcTPA2q2N1LZLrL2UxCDTQto-InSOS52OadyDliGZDQsgl9i2cfEXqOk3LQ.jpg')
      ,(51,'0b8467abc5e714eb3fb557c319917a06','ANd9GcRqH16l9DRSMGB7HIErL2aZSw1joboMk-8Fz-RH5EyQkOhTAKdT8P_8KHc.jpg')
      ,(52,'19502d4bd7d8e88db450aaec62ac22c6','ANd9GcQEfRVMc6DRx_6Itsg-Jow2nA0aplD0UtC4TYNLguOZMFRC6Lokd0FmHfceBQ.jpg')
      ,(53,'74804f1e0a3efa1737eb104b5583ee14','ANd9GcR_lnhmHYN-EGIxrQt8Hvfxl66Vgm-dEa1J_LW4grOdaJqNfddrn14dRI-x.jpg')
      ,(54,'a4065f5215b98794912f3e46b5771059','ANd9GcTHTjNaFhNhljeExKio0B6gu_4S6ZBGTnVkMZgN_8BOsMLSlWSdW9C5IiPd.jpg')
      ,(55,'0686da0e9e505f019a5e44250b6d7c62','ANd9GcS00jcktUPuxCJOq1g5IC2ner6vHw4Okj_unELdaWPUgCnZYPlUKUqtH0E.jpg')
      ,(56,'0e4d6eec453f30175996de8f0d1e7e37','ANd9GcRZJ3s73GcEGqZIqWX1JivnLLV0uc4vknVSQ2AMd3dKxLh_x9Ku2aGo29E.jpg')
      ,(57,'ac38e600a1d5b285073c9faf33954622','ANd9GcRvgm5xsVCIpeOmP0npXf0c0XAZ0GoIbemQ2hJHWiXE6ali3w5n2GGA8LE.jpg')
      ,(58,'3ab62b76944467dd43cf639588f246e5','be_surprised_1378106273800.jpg')
      ,(59,'9194eca876cb617e37020887b2dd0928','corridor_1378106273800.jpg')
      ,(60,'275ddbf8ed7984c804b4b740dd28d6b8','interview_1378106273800.jpg')
      ,(61,'feb78eb6a93ec1a1e38b2b82c76e3e27','luggage_1378106273800.jpg')
      ,(62,'c4a1b173ef7c07c823242496e00db10c','sports_stuff_1378106273800.jpg')
      ,(63,'180c8d2e169398e2ab0c64a9523b5724','tennis_racquet_1378106273800.jpg')
      ,(64,'599133b2c2f045c3bbedee088ebd0457','trainers_1378106273800.jpg')
      ,(65,'94f0e6b84033eb2ca815119593f39510','ancient_1378106273800.jpg')
      ,(66,'c066d3fcdbdaba64825950f9a1aad1cc','builder_1378106273800.jpg')
      ,(67,'0622f2512c0fcd4ab557b997acab62ae','butterfly_1378106273800.jpg')
      ,(68,'28694c85788c30bb6734e57c1479e601','communicate_1378106273800.jpg')
      ,(69,'7cff98df79defbed51c8a2f2de262e0d','computer_1378106273800.jpg')
      ,(70,'5c99937f7c7a82685a37f2f9eefeaae5','corn_1378106273800.jpg')
      ,(71,'2b43b8388eed20486421dd49693d5163','dishwasher_1378106273800.jpg')
      ,(72,'68c17855b7e77fa229a299519327979e','email_1378106273800.jpg')
      ,(73,'b5dfff519fd7da4ea55d2bab4e507635','galaxy_1378106273800.jpg')
      ,(74,'f9c7508d9d3b96ab251e066c8c8f0b8d','get_stuck_1378106273800.jpg')
      ,(75,'0889dfd2868996b4d10572ef7c8cc3a6','health_care_1378106273800.jpg')
      ,(76,'c244d20dd8cc2522f663f0a0bc156bc7','increase_1378106273800.jpg')
      ,(77,'ac985486077b6926edec9ef9ee3b5979','Internet_1378106273800.jpg')
      ,(78,'601d3f71474c2ae941a2bd15367c50c9','loo_toilet_1378106273800.jpg')
      ,(79,'1aff8382a81b2278c82fab8f6c80d9eb','mess_1378106273801.jpg')
      ,(80,'61b0275a045d697d78436f3afab66751','musical_instrument_1378106273801.jpg')
      ,(81,'3f5e71d3aecab90c67dba3c10e3c8f43','noticeable_1378106273801.jpg')
      ,(82,'696de699b89ec4af6c496d0f76ae541a','observatory_1378106273801.jpg')
      ,(83,'03aa5d81d7b478daec56c7d240fc57e3','Olympic_Games_1378106273801.jpg')
      ,(84,'5b7605108942ef487886dc89e6293473','pet_1378106273801.jpg')
      ,(85,'cda26110be133201d31828c722f7445c','popcorn_1378106273801.jpg')
      ,(86,'a967b820926dcdb08a4cc14113652cf1','race_1378106273801.jpg')
      ,(87,'231660cd11825bb297fc2b7ab6c1cd44','ray_1378106273801.jpg')
      ,(88,'230fd15aa309f61bbf2c86e9fbbeff81','record_1378106273801.jpg')
      ,(89,'97e8e301f7dbc02d8fa6f544bc26f7e3','save_1378106273801.jpg')
      ,(90,'4223a49697ad5f536e98dc53d5bad015','solar_system_1378106273801.jpg')
      ,(91,'3109b626d086f5fdce41f4c4e9709d92','space_probe_1378106273801.jpg')
      ,(92,'578349ab2cce27adab00b2f8bb547880','sparkling_1378106273801.jpg')
      ,(93,'8517d1c2b3414b8f5a539f53b1fb4437','stage_1378106273801.jpg')
      ,(94,'48221ee662ce8e33fb533cc442195703','swimming_costume_1378106273801.jpg')
      ,(95,'70c74292e622472b88b5b6324992ff3d','try_on_1378106273801.jpg')
      ,(96,'fa848887f6fd677ff2d7508f94e8c405','website_1378106273801.jpg')
      ,(97,'4a6dcfa7d01d3ff150c4cda17ee70dcb','wing_1378106273801.jpg')
      ,(98,'0b83cbae5f9ecad24cfc34ae021b016c','aerobics_1378106273801.jpg')
      ,(99,'87cf85664da995eff74c6294a37378d7','clown_1378106273801.jpg')
      ,(100,'ae12d4814919aedd0735f9bf8d76bd89','coach_1378106273801.jpg')
      ,(101,'7058e98c20136e33b306db7f07e48f94','crazy_about_1378106273801.jpg')
      ,(102,'c7f7ed848e0b505f7932b3d048e20064','deep_1378106273801.jpg')
      ,(103,'0fd0cff9a968bcdafdf74eb9c8f6a2f5','exhausted_1378106273801.jpg')
      ,(104,'00568a1a85f0d4f9603b492d494b06c2','graduate_1378106273801.jpg')
      ,(105,'1a8c82c32ea157e13c3968a61ffd7f3e','health_1378106273801.jpg')
      ,(106,'cca10246345a5528f42f45ca22e01201','injection_1378106273801.jpg')
      ,(107,'2eb78cbb244291aa2619d8b49902dac3','jogger_1378106273801.jpg')
      ,(108,'2ac9452fa631e32706ccf1247a7c0a71','journalist_1378106273801.jpg')
      ,(109,'7cccae8c973e0d8e16c0a92a93e8b7cd','kid_1378106273801.jpg')
      ,(110,'edff528cd4f36b8571d63887fd155be4','laugh_1378106273801.jpg')
      ,(111,'1211661700b8ddb55275c8870be6f2c7','lawyer_1378106273801.jpg')
      ,(112,'f6fa0042b7de5b5ed205aaf788f8119b','leisure_1378106273801.jpg')
      ,(113,'31ff01b229698bbd2abbb82a11e1f858','lobby_1378106273801.jpg')
      ,(114,'32eac5a5e5fa6313246271f8ef43d5fb','magic_trick_1378106273801.jpg')
      ,(115,'10b9c0490a8ff1b9e1836e9c773c358d','marriage_counsellor_1378106273801.jpg')
      ,(116,'d12680f621e89cd98aa2dca1df0b09ae','medicine_1378106273801.jpg')
      ,(117,'8cd66cdf8169b2756901f6d42e5fca51','mind_1378106273801.jpg')
      ,(118,'bd5bb4bc662363b2b3732059a8a8acda','percentage_1378106273801.jpg')
      ,(119,'83afc56df892c90a3bd6f1f42a7204e5','relax_1378106273801.jpg')
      ,(120,'961c1b3589cd122af0b1a69d8277f41f','research_scientist_1378106273801.jpg')
      ,(121,'c4154d4e6f2aea0b9b4c20ea43cae71a','resort_1378106273801.jpg')
      ,(122,'8808d4648823fc5ab9126f6ead0020b0','shorts_1378106273801.jpg')
      ,(123,'a747d5891d830b6e91feb6a5f9848bdd','sick_1378106273801.jpg')
      ,(124,'a2ab06a82900c019b77301e03bd812d0','sleep_1378106273801.jpg')
      ,(125,'2a4134a3bbe704de96a2c640884b66d0','suburb_1378106273801.jpg')
      ,(126,'c430cb9b31d3558c78d4eef81a47a026','tights_1378106273801.jpg')
      ,(127,'45b585b97b6fcafad2d7f88b415622fa','tiring_1378106273801.jpg')
      ,(128,'c9e259c57c6ee619a2ebe9530bf37ae3','volleyball_1378106273801.jpg')
      ,(129,'13772ed56ca8e31f0e0af5d629434b48','waterproof_1378106273801.jpg')
      ,(130,'746ab03216dd6d570ce19d6e85e39138','worry_1378106273801.jpg')
      ,(131,'8a73a1ee1f80e973af28c1ff9c7750c5','zookeeper_1378106273801.jpg')
      ,(132,'25d92979879c62e512acbf1d10bd99e7','amazement_1378106273801.jpg')
      ,(133,'8944c07b12f5787feaafa5aed4e86229','award_1378106273801.jpg')
      ,(134,'570b8e31ccb0382e728af98f31365601','battle_1378106273801.jpg')
      ,(135,'65a6a5d751ce86758f3cee0629ef2c9b','brush_1378106273801.jpg')
      ,(136,'8073364e4742e5d09b27457983d8e27a','chat_1378106273801.jpg')
      ,(137,'b59a1a48b4f2a0e6fc59d2790efac509','childhood_1378106273801.jpg')
      ,(138,'70a953a0119a1183015ffb17fdbb0fb3','diamond_1378106273801.jpg')
      ,(139,'4ffb1965c791e5797c7436c10b17fb55','dig_1378106273801.jpg')
      ,(140,'27d07205681e294726f524a5a0085a71','DVD_1378106273801.jpg')
      ,(141,'cd927cd31ace7511171678376f40426c','eyesight_1378106273801.jpg')
      ,(142,'49d21273412232b9e05538c8703701f5','fascinated_1378106273801.jpg')
      ,(143,'c5dad8e4a1e8b40a3854af8f8d1c1990','fight_1378106273801.jpg')
      ,(144,'dd1ff2484a8c481235719fd490003117','genius_1378106273801.jpg')
      ,(145,'0cdf10bb8bd8fde3f822f47e17e2d47f','hunting_1378106273801.jpg')
      ,(146,'ec4d4ea22cd785d139a5ebe61a2876ad','match_1378106273801.jpg')
      ,(147,'2311a462e9ca7beecfd9e2157b6a8830','nationality_1378106273801.jpg')
      ,(148,'79b6ed76a7e6655db75b41e7086afdd4','nature_1378106273801.jpg')
      ,(149,'82078ed92552372c011b48f2dce84726','necklace_1378106273801.jpg')
      ,(150,'e5011140d095fa5af0cafdb12d892bd4','outdoor_1378106273801.jpg')
      ,(151,'679bdac32305987abe363a3e91937a8b','palace_1378106273801.jpg')
      ,(152,'99bbda2c37f66b70200ae65c0b1bc14e','palette_1378106273801.jpg')
      ,(153,'8194669004781444358ce9bac29c05dc','pigeon_1378106273801.jpg')
      ,(154,'7d88268fbe512c22283710c1f0610de5','point_1378106273801.jpg')
      ,(155,'ab8b23047f37407ed1e9a0387bce80ea','refuse_1378106273801.jpg')
      ,(156,'94e2e8bb7e2444848d7de205eeca5a4b','religious_1378106273801.jpg')
      ,(157,'acf5705f62c496d73db3beddd850b572','sand_1378106273801.jpg')
      ,(158,'4e883162a69c5e4eecdb1cf36a436c93','shotgun_1378106273801.jpg')
      ,(159,'b504460496a5109cfd74cd9c96249bf7','sign_1378106273801.jpg')
      ,(160,'917f06d2aa8413b12ce711de1e2b5911','sink_1378106273801.jpg')
      ,(161,'bca15cc2e57661a56f1a1c8a88eea169','soldier_1378106273801.jpg')
      ,(162,'a309f2bc650e41ec16ae8d385d028182','spill_1378106273801.jpg')
      ,(163,'dbfd8db11dc9f74955e60562aebeff4d','star_1378106273801.jpg')
      ;

      PERFORM setval('image_iid_seq', (select max(iid) from image));


      INSERT INTO word ( link, word, lang ) VALUES
      (1001,E'Lithuania', 'en')
      ,(1002,E'Lithuanian', 'en')
      ,(1003,E'Poland', 'en')
      ,(1004,E'Polish', 'en')
      ,(1005,E'Portugal', 'en')
      ,(1006,E'Portuguese', 'en')
      ,(1007,E'Scotland', 'en')
      ,(1008,E'Scottish', 'en')
      ,(1009,E'Slovakia', 'en')
      ,(1010,E'Slovakian', 'en')
      ,(1011,E'South Africa', 'en')
      ,(1012,E'South African', 'en')
      ,(1013,E'Turkey', 'en')
      ,(1014,E'Turkish', 'en')
      ,(1015,E'Ukraine', 'en')
      ,(1016,E'Ukrainian', 'en')
      ,(1017,E'Welsh', 'en')
      ,(1018,E'actor', 'en')
      ,(1019,E'actress', 'en')
      ,(1020,E'doctor', 'en')
      ,(1021,E'housewife', 'en')
      ,(1022,E'nurse', 'en')
      ,(1023,E'singer', 'en')
      ,(1024,E'student', 'en')
      ,(1025,E'teacher', 'en')
      ,(1026,E'shop assistant', 'en')
      ,(1027,E'bag', 'en')
      ,(1028,E'blackboard', 'en')
      ,(1029,E'book', 'en')
      ,(1030,E'ceiling', 'en')
      ,(1031,E'chair', 'en')
      ,(1032,E'computer', 'en')
      ,(1033,E'desk', 'en')
      ,(1034,E'dictionary', 'en')
      ,(1035,E'door', 'en')
      ,(1036,E'exercise book', 'en')
      ,(1037,E'floor', 'en')
      ,(1038,E'pen', 'en')
      ,(1039,E'pencil', 'en')
      ,(1040,E'pencil case', 'en')
      ,(1041,E'rubber', 'en')
      ,(1042,E'rucksack', 'en')
      ,(1043,E'ruler', 'en')
      ,(1044,E'wall', 'en')
      ,(1045,E'window', 'en')
      ,(1046,E'beside', 'en')
      ,(1047,E'between', 'en')
      ,(1048,E'in', 'en')
      ,(1049,E'near', 'en')
      ,(1050,E'on', 'en')
      ,(1051,E'that', 'en')
      ,(1052,E'these', 'en')
      ,(1053,E'this', 'en')
      ,(1054,E'those', 'en')
      ,(1055,E'what', 'en')
      ,(1056,E'where', 'en')
      ,(1057,E'apple', 'en')
      ,(1058,E'bad', 'en')
      ,(1059,E'brother', 'en')
      ,(1060,E'children', 'en')
      ,(1061,E'country', 'en')
      ,(1062,E'Egypt', 'en')
      ,(1063,E'evening', 'en')
      ,(1064,E'extension', 'en')
      ,(1065,E'fine', 'en')
      ,(1066,E'a an', 'en')
      ,(1067,E'from', 'en')
      ,(1068,E'goodbye', 'en')
      ,(1069,E'have', 'en')
      ,(1070,E'hello', 'en')
      ,(1071,E'her', 'en')
      ,(1072,E'house', 'en')
      ,(1073,E'job', 'en')
      ,(1074,E'key', 'en')
      ,(1075,E'language', 'en')
      ,(1076,E'live', 'en')
      ,(1077,E'me', 'en')
      ,(1078,E'Mexico', 'en')
      ,(1079,E'my', 'en')
      ,(1080,E'newspaper', 'en')
      ,(1081,E'nice', 'en')
      ,(1082,E'not bad', 'en')
      ,(1083,E'orange', 'en')
      ,(1084,E'postcard', 'en')
      ,(1085,E'Russia', 'en')
      ,(1086,E'see you', 'en')
      ,(1087,E'sister', 'en')
      ,(1088,E'telephone number', 'en')
      ,(1089,E'thank you', 'en')
      ,(1090,E'the USA', 'en')
      ,(1091,E'the', 'en')
      ,(1092,E'want', 'en')
      ,(1093,E'your', 'en')
      ,(1094,E'bathroom', 'en')
      ,(1095,E'bedroom', 'en')
      ,(1096,E'dining-room', 'en')
      ,(1097,E'garage', 'en')
      ,(1098,E'living-room', 'en')
      ,(1099,E'room', 'en')
      ,(1100,E'toilet', 'en')
      ,(1101,E'bicycle bike', 'en')
      ,(1102,E'CD', 'en')
      ,(1103,E'computer disc', 'en')
      ,(1104,E'computer game', 'en')
      ,(1105,E'computer program', 'en')
      ,(1106,E'desktop computer', 'en')
      ,(1107,E'football', 'en')
      ,(1108,E'guitar', 'en')
      ,(1109,E'hi-fi', 'en')
      ,(1110,E'laptop computer', 'en')
      ,(1111,E'mobile phone', 'en')
      ,(1112,E'modem', 'en')
      ,(1113,E'MP3 player', 'en')
      ,(1114,E'PC', 'en')
      ,(1115,E'rollerblades', 'en')
      ,(1116,E'TV television', 'en')
      ,(1117,E'video', 'en')
      ,(1118,E'first 1st', 'en')
      ,(1119,E'second 2nd', 'en')
      ,(1120,E'third 3rd', 'en')
      ,(1121,E'fourth 4th', 'en')
      ,(1122,E'fifth 5th', 'en')
      ,(1123,E'sixth 6th', 'en')
      ,(1124,E'seventh 7th', 'en')
      ,(1125,E'eighth 8th', 'en')
      ,(1126,E'ninth 9th', 'en')
      ,(1127,E'tenth 10th', 'en')
      ,(1128,E'eleventh 11th', 'en')
      ,(1129,E'twelfth 12th', 'en')
      ,(1130,E'thirteenth 13th', 'en')
      ,(1131,E'fourteenth 14th', 'en')
      ,(1132,E'fifteenth 15th', 'en')
      ,(1133,E'sixteenth 16th', 'en')
      ,(1134,E'seventeenth 17th', 'en')
      ,(1135,E'eighteenth 18th', 'en')
      ,(1136,E'nineteenth 19th', 'en')
      ,(1137,E'twentieth 20th', 'en')
      ,(1138,E'twenty-first 21st', 'en')
      ,(1139,E'thirtieth 30th', 'en')
      ,(1140,E'birthday', 'en')
      ,(1141,E'horoscope', 'en')
      ,(1142,E'Aquarius', 'en')
      ,(1143,E'Aries', 'en')
      ,(1144,E'Cancer', 'en')
      ,(1145,E'Capricorn', 'en')
      ,(1146,E'Gemini', 'en')
      ,(1147,E'Leo', 'en')
      ,(1148,E'Libra', 'en')
      ,(1149,E'Pisces', 'en')
      ,(1150,E'Sagittarius', 'en')
      ,(1151,E'Scorpio', 'en')
      ,(1152,E'Taurus', 'en')
      ,(1153,E'Virgio', 'en')
      ,(1154,E'activity', 'en')
      ,(1155,E'comic', 'en')
      ,(1156,E'dancing', 'en')
      ,(1157,E'designer', 'en')
      ,(1158,E'editor', 'en')
      ,(1159,E'exam', 'en')
      ,(1160,E'favourite', 'en')
      ,(1161,E'football team', 'en')
      ,(1162,E'free time', 'en')
      ,(1163,E'important', 'en')
      ,(1164,E'novel', 'en')
      ,(1165,E'photo', 'en')
      ,(1166,E'photographer', 'en')
      ,(1167,E'poetry book', 'en')
      ,(1168,E'school', 'en')
      ,(1169,E'press conference', 'en')
      ,(1170,E'rockstar', 'en')
      ,(1171,E'accountant', 'en')
      ,(1172,E'anything else', 'en')
      ,(1173,E'apartment', 'en')
      ,(1174,E'at home', 'en')
      ,(1175,E'big', 'en')
      ,(1176,E'boyfriend', 'en')
      ,(1177,E'cheap', 'en')
      ,(1178,E'chocolate', 'en')
      ,(1179,E'coffee bar', 'en')
      ,(1180,E'college', 'en')
      ,(1181,E'dancer', 'en')
      ,(1182,E'daughter', 'en')
      ,(1183,E'different', 'en')
      ,(1184,E'difficult', 'en')
      ,(1185,E'drink', 'en')
      ,(1186,E'easy', 'en')
      ,(1187,E'egg', 'en')
      ,(1188,E'exciting', 'en')
      ,(1189,E'expensive', 'en')
      ,(1190,E'fast', 'en')
      ,(1191,E'father', 'en')
      ,(1192,E'first name', 'en')
      ,(1193,E'girl', 'en')
      ,(1194,E'girlfriend', 'en')
      ,(1195,E'good', 'en')
      ,(1196,E'grandfather', 'en')
      ,(1197,E'grandmother', 'en')
      ,(1198,E'hamburger', 'en')
      ,(1199,E'happy', 'en')
      ,(1200,E'here', 'en')
      ,(1201,E'hi', 'en')
      ,(1202,E'horrible', 'en')
      ,(1203,E'husband', 'en')
      ,(1204,E'ice-cream', 'en')
      ,(1205,E'identity card', 'en')
      ,(1206,E'journalist', 'en')
      ,(1207,E'Love, ...', 'en')
      ,(1208,E'menu', 'en')
      ,(1209,E'morning', 'en')
      ,(1210,E'mother', 'en')
      ,(1211,E'new', 'en')
      ,(1212,E'now', 'en')
      ,(1213,E'orange juice', 'en')
      ,(1214,E'please', 'en')
      ,(1215,E'policeman', 'en')
      ,(1216,E'pound', 'en')
      ,(1217,E'practice', 'en')
      ,(1218,E'price', 'en')
      ,(1219,E'slow', 'en')
      ,(1220,E'small', 'en')
      ,(1221,E'snack bar', 'en')
      ,(1222,E'snow', 'en')
      ,(1223,E'son', 'en')
      ,(1224,E'soon', 'en')
      ,(1225,E'speak', 'en')
      ,(1226,E'subway', 'en')
      ,(1227,E'Switzerland', 'en')
      ,(1228,E'tea', 'en')
      ,(1229,E'understand', 'en')
      ,(1230,E'use', 'en')
      ,(1231,E'wife', 'en')
      ,(1232,E'write', 'en')
      ,(1233,E'child', 'en')
      ,(1234,E'engineer', 'en')
      ,(1235,E'father dad', 'en')
      ,(1236,E'grandchild', 'en')
      ,(1237,E'grandchildren', 'en')
      ,(1238,E'grandfather granddad', 'en')
      ,(1239,E'grandmother grandma', 'en')
      ,(1240,E'grandparents', 'en')
      ,(1241,E'mother mum', 'en')
      ,(1242,E'musician', 'en')
      ,(1243,E'nephew', 'en')
      ,(1244,E'niece', 'en')
      ,(1245,E'parents', 'en')
      ,(1246,E'beautiful', 'en')
      ,(1247,E'blonde', 'en')
      ,(1248,E'build', 'en')
      ,(1249,E'curly', 'en')
      ,(1250,E'eyes', 'en')
      ,(1251,E'good-looking', 'en')
      ,(1252,E'UK United Kingdom', 'en')
      ,(1253,E'USA United States of America', 'en')
      ,(1254,E'Can you repeat that please?', 'en')
      ,(1255,E'How do you say ... in English?', 'en')
      ,(1256,E'How do you spell ...?', 'en')
      ,(1257,E'I don\'t understand.', 'en')
      ,(1258,E'Listen and repeat.', 'en')
      ,(1259,E'Open your books.', 'en')
      ,(1260,E'how?', 'en')
      ,(1261,E'what?', 'en')
      ,(1262,E'where?', 'en')
      ,(1263,E'Have a nice day.', 'en')
      ,(1264,E'How are you?', 'en')
      ,(1265,E'I am not bad.', 'en')
      ,(1266,E'I am fine.', 'en')
      ,(1267,E'What\'s your name?', 'en')
      ,(1268,E'Where are you from?', 'en')
      ,(1269,E'I\'m from ...', 'en')
      ,(1270,E'surf the Internet', 'en')
      ,(1271,E'Can I have ...?', 'en')
      ,(1272,E'Can I help?', 'en')
      ,(1273,E'here you are', 'en')
      ,(1274,E'How much is it?', 'en')
      ,(1275,E'How old are you?', 'en')
      ,(1276,E'pardon?', 'en')
      ,(1277,E'who?', 'en')
      ,(1278,E'I\'m 18 years old.', 'en')
      ,(1279,E'It\'s much money.', 'en')
      ,(1280,E'They speak fast.', 'en')
      ,(1281,E'She is French.', 'en')
      ,(1282,E'It\'s very cold.', 'en')
      ,(1283,E';', 'en')
      ,(2001,E'accept', 'en')
      ,(2002,E'ask for', 'en')
      ,(2003,E'be surprised', 'en')
      ,(2004,E'corridor', 'en')
      ,(2005,E'good luck', 'en')
      ,(2006,E'interview', 'en')
      ,(2007,E'luggage', 'en')
      ,(2008,E'practise', 'en')
      ,(2009,E'sports stuff', 'en')
      ,(2010,E'straight', 'en')
      ,(2011,E'tennis racquet', 'en')
      ,(2012,E'trainers', 'en')
      ,(2013,E'trolley', 'en')
      ,(2014,E'turn up', 'en')
      ,(2015,E'achievement', 'en')
      ,(2016,E'advertisement', 'en')
      ,(2017,E'afford', 'en')
      ,(2018,E'ages', 'en')
      ,(2019,E'amazing', 'en')
      ,(2020,E'ambassador', 'en')
      ,(2021,E'amount', 'en')
      ,(2022,E'ancient', 'en')
      ,(2023,E'apologize', 'en')
      ,(2024,E'architectural', 'en')
      ,(2025,E'assassinate', 'en')
      ,(2026,E'benefit', 'en')
      ,(2027,E'break', 'en')
      ,(2028,E'bright', 'en')
      ,(2029,E'brochure', 'en')
      ,(2030,E'builder', 'en')
      ,(2031,E'butterfly', 'en')
      ,(2032,E'celebrity', 'en')
      ,(2033,E'century', 'en')
      ,(2034,E'come round', 'en')
      ,(2035,E'commercialized', 'en')
      ,(2036,E'communicate', 'en')
      ,(2037,E'computer', 'en')
      ,(2038,E'corn', 'en')
      ,(2039,E'destroy', 'en')
      ,(2040,E'dishwasher', 'en')
      ,(2041,E'drug abuse', 'en')
      ,(2042,E'email', 'en')
      ,(2043,E'estimate', 'en')
      ,(2044,E'famine', 'en')
      ,(2045,E'freezing', 'en')
      ,(2046,E'full-time', 'en')
      ,(2047,E'galaxy', 'en')
      ,(2048,E'get stuck', 'en')
      ,(2049,E'giant', 'en')
      ,(2050,E'go mad', 'en')
      ,(2051,E'goodwill', 'en')
      ,(2052,E'gorgeous', 'en')
      ,(2053,E'greed', 'en')
      ,(2054,E'health care', 'en')
      ,(2055,E'hectic', 'en')
      ,(2056,E'huge', 'en')
      ,(2057,E'humble', 'en')
      ,(2058,E'inconvenience', 'en')
      ,(2059,E'increase', 'en')
      ,(2060,E'interactivity', 'en')
      ,(2061,E'Internet', 'en')
      ,(2062,E'knowledge', 'en')
      ,(2063,E'leap', 'en')
      ,(2064,E'loo toilet', 'en')
      ,(2065,E'mankind', 'en')
      ,(2066,E'mess', 'en')
      ,(2067,E'mobile phone', 'en')
      ,(2068,E'musical instrument', 'en')
      ,(2069,E'noticeable', 'en')
      ,(2070,E'nuclear weapon', 'en')
      ,(2071,E'observatory', 'en')
      ,(2072,E'Olympic Games', 'en')
      ,(2073,E'online', 'en')
      ,(2074,E'order', 'en')
      ,(2075,E'payment', 'en')
      ,(2076,E'perform', 'en')
      ,(2077,E'pet', 'en')
      ,(2078,E'pick up', 'en')
      ,(2079,E'popcorn', 'en')
      ,(2080,E'process', 'en')
      ,(2081,E'race', 'en')
      ,(2082,E'ray', 'en')
      ,(2083,E'record', 'en')
      ,(2084,E'revolutionize', 'en')
      ,(2085,E'rise', 'en')
      ,(2086,E'save', 'en')
      ,(2087,E'skid', 'en')
      ,(2088,E'solar system', 'en')
      ,(2089,E'space probe', 'en')
      ,(2090,E'sparkling', 'en')
      ,(2091,E'stage', 'en')
      ,(2092,E'stand', 'en')
      ,(2093,E'stand for', 'en')
      ,(2094,E'statement', 'en')
      ,(2095,E'step', 'en')
      ,(2096,E'surely', 'en')
      ,(2097,E'swimming costume', 'en')
      ,(2098,E'take part', 'en')
      ,(2099,E'take place', 'en')

      ,(1001,E'Litva', 'cs')
      ,(1002,E'Litevský', 'cs')
      ,(1003,E'v', 'cs')
      ,(1004,E'Polský', 'cs')
      ,(1005,E'Portugalsko', 'cs')
      ,(1006,E'Portugalština', 'cs')
      ,(1007,E'Skotsko', 'cs')
      ,(1008,E'Skotský', 'cs')
      ,(1009,E'Slovensko', 'cs')
      ,(1010,E'Slovenský', 'cs')
      ,(1011,E'Jižní Afrika', 'cs')
      ,(1012,E'Jihoafrický', 'cs')
      ,(1013,E'Turecko', 'cs')
      ,(1014,E'Turečtina', 'cs')
      ,(1015,E'Ukrajina', 'cs')
      ,(1016,E'Ukrajinec', 'cs')
      ,(1017,E'Velština', 'cs')
      ,(1018,E'herec', 'cs')
      ,(1019,E'herečka', 'cs')
      ,(1020,E'lékař', 'cs')
      ,(1021,E'hospodyňka', 'cs')
      ,(1022,E'zdravotní sestra', 'cs')
      ,(1023,E'zpěvák', 'cs')
      ,(1024,E'student', 'cs')
      ,(1025,E'učitel', 'cs')
      ,(1026,E'prodavač', 'cs')
      ,(1027,E'taška', 'cs')
      ,(1028,E'tabule', 'cs')
      ,(1029,E'kniha', 'cs')
      ,(1030,E'strop', 'cs')
      ,(1031,E'židle', 'cs')
      ,(1032,E'počítač', 'cs')
      ,(1033,E'psací stůl', 'cs')
      ,(1034,E'slovník', 'cs')
      ,(1035,E'dveře', 'cs')
      ,(1036,E'sešit', 'cs')
      ,(1037,E'patro', 'cs')
      ,(1038,E'pero', 'cs')
      ,(1039,E'tužka', 'cs')
      ,(1040,E'pouzdro na tužku', 'cs')
      ,(1041,E'pryž', 'cs')
      ,(1042,E'batoh', 'cs')
      ,(1043,E'pravítko', 'cs')
      ,(1044,E'zeď', 'cs')
      ,(1045,E'okno', 'cs')
      ,(1046,E'vedle', 'cs')
      ,(1047,E'mezi', 'cs')
      ,(1048,E'v', 'cs')
      ,(1049,E'poblíž', 'cs')
      ,(1050,E'na', 'cs')
      ,(1051,E'že', 'cs')
      ,(1052,E'tyto', 'cs')
      ,(1053,E'tento', 'cs')
      ,(1054,E'ty', 'cs')
      ,(1055,E'co', 'cs')
      ,(1056,E'kde', 'cs')
      ,(1057,E'jablko', 'cs')
      ,(1058,E'špatný', 'cs')
      ,(1059,E'bratr', 'cs')
      ,(1060,E'děti', 'cs')
      ,(1061,E'země', 'cs')
      ,(1062,E'Egypt', 'cs')
      ,(1063,E'večer', 'cs')
      ,(1064,E'prodloužení', 'cs')
      ,(1065,E'jemný', 'cs')
      ,(1067,E'z', 'cs')
      ,(1068,E'sbohem', 'cs')
      ,(1069,E'mít', 'cs')
      ,(1070,E'ahoj', 'cs')
      ,(1071,E'ji', 'cs')
      ,(1072,E'dům', 'cs')
      ,(1073,E'práce', 'cs')
      ,(1074,E'klíč', 'cs')
      ,(1075,E'jazyk', 'cs')
      ,(1076,E'žít', 'cs')
      ,(1077,E'mě', 'cs')
      ,(1078,E'Mexiko', 'cs')
      ,(1079,E'můj', 'cs')
      ,(1080,E'noviny', 'cs')
      ,(1081,E'pěkný', 'cs')
      ,(1082,E'není špatný', 'cs')
      ,(1083,E'oranžový', 'cs')
      ,(1084,E'pohlednice', 'cs')
      ,(1085,E'Rusko', 'cs')
      ,(1086,E'vidět', 'cs')
      ,(1087,E'sestra', 'cs')
      ,(1088,E'telefonní číslo', 'cs')
      ,(1089,E'děkuji', 'cs')
      ,(1090,E'USA', 'cs')
      ,(1092,E'chtít', 'cs')
      ,(1093,E'váš', 'cs')
      ,(1094,E'koupelna', 'cs')
      ,(1095,E'ložnice', 'cs')
      ,(1096,E'jídelna', 'cs')
      ,(1097,E'garáž', 'cs')
      ,(1098,E'obývací pokoj', 'cs')
      ,(1099,E'pokoj', 'cs')
      ,(1100,E'záchod', 'cs')
      ,(1101,E'rotoped kolo', 'cs')
      ,(1102,E'CD', 'cs')
      ,(1103,E'počítačový disk', 'cs')
      ,(1104,E'počítačová hra', 'cs')
      ,(1105,E'počítačový program', 'cs')
      ,(1106,E'stolní počítač', 'cs')
      ,(1107,E'fotbal', 'cs')
      ,(1108,E'kytara', 'cs')
      ,(1109,E'hifi', 'cs')
      ,(1110,E'Přenosný počítač', 'cs')
      ,(1111,E'mobilní telefon', 'cs')
      ,(1112,E'modem', 'cs')
      ,(1113,E'MP3 přehrávač', 'cs')
      ,(1114,E'PC', 'cs')
      ,(1115,E'kolečkových bruslích', 'cs')
      ,(1116,E'TV televize', 'cs')
      ,(1117,E'video', 'cs')
      ,(1118,E'první první', 'cs')
      ,(1119,E'Druhá 2.', 'cs')
      ,(1120,E'3. třetina', 'cs')
      ,(1121,E'Čtvrtý 4.', 'cs')
      ,(1122,E'pátá pátá', 'cs')
      ,(1123,E'Šestý 6.', 'cs')
      ,(1124,E'sedmého sedmý', 'cs')
      ,(1125,E'Osmý 8.', 'cs')
      ,(1126,E'Devátý 9.', 'cs')
      ,(1127,E'Desátý 10.', 'cs')
      ,(1128,E'Jedenáctý 11.', 'cs')
      ,(1129,E'dvanáctého 12.', 'cs')
      ,(1130,E'Třináctý 13.', 'cs')
      ,(1131,E'Čtrnáctý 14.', 'cs')
      ,(1132,E'patnáctý 15.', 'cs')
      ,(1133,E'šestnáctého 16.', 'cs')
      ,(1134,E'sedmnáctého 17.', 'cs')
      ,(1135,E'osmnáctého 18.', 'cs')
      ,(1136,E'devatenáctého 19.', 'cs')
      ,(1137,E'dvacátého 20.', 'cs')
      ,(1138,E'dvacátáprvní 21.', 'cs')
      ,(1139,E'třicátého 30.', 'cs')
      ,(1140,E'narozeniny', 'cs')
      ,(1141,E'horoskop', 'cs')
      ,(1142,E'Vodnář', 'cs')
      ,(1143,E'Skopec', 'cs')
      ,(1144,E'Rak', 'cs')
      ,(1145,E'Kozoroh', 'cs')
      ,(1146,E'Blíženci', 'cs')
      ,(1147,E'Lev', 'cs')
      ,(1148,E'Váhy', 'cs')
      ,(1149,E'Ryby', 'cs')
      ,(1150,E'Střelec', 'cs')
      ,(1151,E'Štír', 'cs')
      ,(1152,E'Býk', 'cs')
      ,(1153,E'Virgio', 'cs')
      ,(1154,E'činnost', 'cs')
      ,(1155,E'komiks', 'cs')
      ,(1156,E'tanec', 'cs')
      ,(1157,E'návrhář', 'cs')
      ,(1158,E'editor', 'cs')
      ,(1159,E'zkouška', 'cs')
      ,(1160,E'oblíbený', 'cs')
      ,(1161,E'fotbalový tým', 'cs')
      ,(1162,E'volno', 'cs')
      ,(1163,E'důležitý', 'cs')
      ,(1164,E'román', 'cs')
      ,(1165,E'fotografie', 'cs')
      ,(1166,E'fotograf', 'cs')
      ,(1167,E'poezie kniha', 'cs')
      ,(1168,E'škola', 'cs')
      ,(1169,E'tisková konference', 'cs')
      ,(1170,E'rockstar', 'cs')
      ,(1171,E'účetní', 'cs')
      ,(1172,E'něco jiného', 'cs')
      ,(1173,E'byt', 'cs')
      ,(1174,E'doma', 'cs')
      ,(1175,E'velký', 'cs')
      ,(1176,E'přítel', 'cs')
      ,(1177,E'levný', 'cs')
      ,(1178,E'čokoláda', 'cs')
      ,(1179,E'kavárna', 'cs')
      ,(1180,E'kolej', 'cs')
      ,(1181,E'tanečník', 'cs')
      ,(1182,E'dcera', 'cs')
      ,(1183,E'odlišný', 'cs')
      ,(1184,E'obtížný', 'cs')
      ,(1185,E'pít', 'cs')
      ,(1186,E'snadný', 'cs')
      ,(1187,E'vejce', 'cs')
      ,(1188,E'vzrušující', 'cs')
      ,(1189,E'drahý', 'cs')
      ,(1190,E'rychle', 'cs')
      ,(1191,E'otec', 'cs')
      ,(1192,E'křestní jméno', 'cs')
      ,(1193,E'dívka', 'cs')
      ,(1194,E'přítelkyně', 'cs')
      ,(1195,E'dobrý', 'cs')
      ,(1196,E'dědeček', 'cs')
      ,(1197,E'babička', 'cs')
      ,(1198,E'hamburger', 'cs')
      ,(1199,E'šťastný', 'cs')
      ,(1200,E'zde', 'cs')
      ,(1202,E'hrozný', 'cs')
      ,(1203,E'manžel', 'cs')
      ,(1204,E'zmrzlina', 'cs')
      ,(1205,E'občanský průkaz', 'cs')
      ,(1206,E'novinář', 'cs')
      ,(1207,E'Láska, ...', 'cs')
      ,(1208,E'menu', 'cs')
      ,(1209,E'ráno', 'cs')
      ,(1210,E'matka', 'cs')
      ,(1211,E'nový', 'cs')
      ,(1212,E'nyní', 'cs')
      ,(1213,E'pomerančový džus', 'cs')
      ,(1214,E'prosím', 'cs')
      ,(1215,E'policista', 'cs')
      ,(1216,E'libra', 'cs')
      ,(1217,E'praxe', 'cs')
      ,(1218,E'cena', 'cs')
      ,(1219,E'zpomalit', 'cs')
      ,(1220,E'malé', 'cs')
      ,(1221,E'snack bar', 'cs')
      ,(1222,E'sníh', 'cs')
      ,(1223,E'syn', 'cs')
      ,(1224,E'brzy', 'cs')
      ,(1225,E'mluvit', 'cs')
      ,(1226,E'metro', 'cs')
      ,(1227,E'Švýcarsko', 'cs')
      ,(1228,E'čaj', 'cs')
      ,(1229,E'porozumět', 'cs')
      ,(1230,E'použití', 'cs')
      ,(1231,E'žena', 'cs')
      ,(1232,E'napsat', 'cs')
      ,(1233,E'dítě', 'cs')
      ,(1234,E'inženýr', 'cs')
      ,(1235,E'otec táta', 'cs')
      ,(1236,E'vnouče', 'cs')
      ,(1237,E'vnoučata', 'cs')
      ,(1238,E'děda děda', 'cs')
      ,(1239,E'babička babička', 'cs')
      ,(1240,E'prarodiče', 'cs')
      ,(1241,E'matku maminka', 'cs')
      ,(1242,E'hudebník', 'cs')
      ,(1243,E'synovec', 'cs')
      ,(1244,E'neteř', 'cs')
      ,(1245,E'rodiče', 'cs')
      ,(1246,E'krásný', 'cs')
      ,(1247,E'blondýnka', 'cs')
      ,(1248,E'vybudovat', 'cs')
      ,(1249,E'kudrnatý', 'cs')
      ,(1250,E'oči', 'cs')
      ,(1251,E'hezký', 'cs')
      ,(1252,E'UK Spojené království', 'cs')
      ,(1253,E'USA Spojené státy americké', 'cs')
      ,(1254,E'Můžeš to zopakovat, prosím?', 'cs')
      ,(1255,E'Jak se řekne ... v angličtině?', 'cs')
      ,(1256,E'Jak se píše ...?', 'cs')
      ,(1257,E'Nerozumím.', 'cs')
      ,(1258,E'Poslouchejte a opakujte.', 'cs')
      ,(1259,E'Otevřete své knihy.', 'cs')
      ,(1260,E'jak na to?', 'cs')
      ,(1261,E'co?', 'cs')
      ,(1262,E'kde?', 'cs')
      ,(1263,E'Hezký den.', 'cs')
      ,(1264,E'Jak se máš?', 'cs')
      ,(1265,E'Nejsem špatný.', 'cs')
      ,(1266,E'Jsem v pořádku.', 'cs')
      ,(1267,E'Jak se jmenujete?', 'cs')
      ,(1268,E'Odkud jste?', 'cs')
      ,(1269,E'Jsem z ...', 'cs')
      ,(1270,E'surfovat na internetu', 'cs')
      ,(1271,E'Mohu mít ...?', 'cs')
      ,(1272,E'Mohu vám nějak pomoci?', 'cs')
      ,(1273,E'jste tady', 'cs')
      ,(1274,E'Kolik to je?', 'cs')
      ,(1275,E'Kolik je vám let?', 'cs')
      ,(1276,E'milost?', 'cs')
      ,(1277,E'kdo?', 'cs')
      ,(1278,E'Je mi 18 let.', 'cs')
      ,(1279,E'Je to hodně peněz.', 'cs')
      ,(1280,E'Mluví rychle.', 'cs')
      ,(1281,E'Ona je francouzština.', 'cs')
      ,(1282,E'Je to velmi chladno.', 'cs')
      ,(1283,E';', 'cs')
      ,(2001,E'přijmout', 'cs')
      ,(2002,E'požádat o', 'cs')
      ,(2003,E'být překvapen', 'cs')
      ,(2004,E'chodba', 'cs')
      ,(2005,E'hodně štěstí', 'cs')
      ,(2006,E'rozhovor', 'cs')
      ,(2007,E'zavazadla', 'cs')
      ,(2008,E'praxe', 'cs')
      ,(2009,E'Sportovní věci', 'cs')
      ,(2010,E'rovný', 'cs')
      ,(2011,E'Tenisová raketa', 'cs')
      ,(2012,E'trenéři', 'cs')
      ,(2013,E'trolejbus', 'cs')
      ,(2014,E'zesílit', 'cs')
      ,(2015,E'úspěch', 'cs')
      ,(2016,E'reklama', 'cs')
      ,(2017,E'poskytnout', 'cs')
      ,(2018,E've věku', 'cs')
      ,(2019,E'úžasný', 'cs')
      ,(2020,E'velvyslanec', 'cs')
      ,(2021,E'množství', 'cs')
      ,(2022,E'starověký', 'cs')
      ,(2023,E'Omlouvám se', 'cs')
      ,(2024,E'architektonický', 'cs')
      ,(2025,E'zavraždit', 'cs')
      ,(2026,E'prospěch', 'cs')
      ,(2027,E'přestávka', 'cs')
      ,(2028,E'jasný', 'cs')
      ,(2029,E'brožura', 'cs')
      ,(2030,E'stavitel', 'cs')
      ,(2031,E'motýl', 'cs')
      ,(2032,E'osobnost', 'cs')
      ,(2033,E'století', 'cs')
      ,(2034,E'stavit se', 'cs')
      ,(2035,E'komerčně', 'cs')
      ,(2036,E'komunikovat', 'cs')
      ,(2037,E'počítač', 'cs')
      ,(2038,E'kukuřice', 'cs')
      ,(2039,E'Litva', 'cs')
      ,(2040,E'myčka', 'cs')
      ,(2041,E'zneužívání drog', 'cs')
      ,(2042,E'e-mail', 'cs')
      ,(2043,E'odhad', 'cs')
      ,(2044,E'hladomor', 'cs')
      ,(2045,E'mrazivý', 'cs')
      ,(2046,E'na plný úvazek', 'cs')
      ,(2047,E'galaxie', 'cs')
      ,(2048,E'uvíznout', 'cs')
      ,(2049,E'obr', 'cs')
      ,(2050,E'zbláznit se', 'cs')
      ,(2051,E'dobré jméno', 'cs')
      ,(2052,E'nádherný', 'cs')
      ,(2053,E'chamtivost', 'cs')
      ,(2054,E'zdravotní péče', 'cs')
      ,(2055,E'hektický', 'cs')
      ,(2056,E'obrovský', 'cs')
      ,(2057,E'pokorný', 'cs')
      ,(2058,E'nepříjemnost', 'cs')
      ,(2059,E'zvýšení', 'cs')
      ,(2060,E'interaktivita', 'cs')
      ,(2061,E'Internet', 'cs')
      ,(2062,E'znalost', 'cs')
      ,(2063,E'skok', 'cs')
      ,(2064,E'loo WC', 'cs')
      ,(2065,E'lidstvo', 'cs')
      ,(2066,E'nepořádek', 'cs')
      ,(2067,E'mobilní telefon', 'cs')
      ,(2068,E'hudební nástroj', 'cs')
      ,(2069,E'nápadný', 'cs')
      ,(2070,E'jaderná zbraň', 'cs')
      ,(2071,E'observatoř', 'cs')
      ,(2072,E'Olympijské hry', 'cs')
      ,(2073,E'on-line', 'cs')
      ,(2074,E'objednávka', 'cs')
      ,(2075,E'platba', 'cs')
      ,(2076,E'provést', 'cs')
      ,(2077,E'domácí zvíře', 'cs')
      ,(2078,E'zvednout', 'cs')
      ,(2079,E'pražená kukuřice', 'cs')
      ,(2080,E'proces', 'cs')
      ,(2081,E'závod', 'cs')
      ,(2082,E'paprsek', 'cs')
      ,(2083,E'záznam', 'cs')
      ,(2084,E'způsobit převrat', 'cs')
      ,(2085,E'stoupat', 'cs')
      ,(2086,E'uložit', 'cs')
      ,(2087,E'smyk', 'cs')
      ,(2088,E'solární systém', 'cs')
      ,(2089,E'sonda', 'cs')
      ,(2090,E'predlozka v', 'cs')
      ,(2091,E'v', 'cs')
      ,(2092,E'stát', 'cs')
      ,(2094,E'prohlášení', 'cs')
      ,(2095,E'krok', 'cs')
      ,(2096,E'jistě', 'cs')
      ,(2097,E'plavky', 'cs')
      ,(2098,E'účastnit se', 'cs')
      ,(2099,E'Litva', 'cs')
      ,(1001,E'Litauen', 'de')
      ,(1002,E'Litauisch', 'de')
      ,(1003,E'Polen', 'de')
      ,(1004,E'Polnisch', 'de')
      ,(1005,E'Portugal', 'de')
      ,(1006,E'Portugiesisch', 'de')
      ,(1007,E'Schottland', 'de')
      ,(1008,E'Scottish', 'de')
      ,(1009,E'Slowakei', 'de')
      ,(1010,E'Slowakischer', 'de')
      ,(1011,E'Südafrika', 'de')
      ,(1012,E'South African', 'de')
      ,(1013,E'Türkei', 'de')
      ,(1014,E'Türkisch', 'de')
      ,(1015,E'Ukraine', 'de')
      ,(1016,E'Ukrainisch', 'de')
      ,(1017,E'Welsh', 'de')
      ,(1018,E'Schauspieler', 'de')
      ,(1019,E'Schauspielerin', 'de')
      ,(1020,E'Arzt', 'de')
      ,(1021,E'Hausfrau', 'de')
      ,(1022,E'Krankenschwester', 'de')
      ,(1023,E'Sänger', 'de')
      ,(1024,E'Schüler', 'de')
      ,(1025,E'Lehrer', 'de')
      ,(1026,E'Verkäufer', 'de')
      ,(1027,E'bag', 'de')
      ,(1028,E'Tafel', 'de')
      ,(1029,E'Buch', 'de')
      ,(1030,E'Decke', 'de')
      ,(1031,E'Stuhl', 'de')
      ,(1032,E'Computer', 'de')
      ,(1033,E'Schreibtisch', 'de')
      ,(1034,E'Wörterbuch', 'de')
      ,(1035,E'Tür', 'de')
      ,(1036,E'Übungsbuch', 'de')
      ,(1037,E'Fußboden', 'de')
      ,(1038,E'pen', 'de')
      ,(1039,E'Bleistift', 'de')
      ,(1040,E'Federmäppchen', 'de')
      ,(1041,E'Gummi', 'de')
      ,(1042,E'Rucksack', 'de')
      ,(1043,E'Herrscher', 'de')
      ,(1044,E'Wand', 'de')
      ,(1045,E'Fenster', 'de')
      ,(1046,E'neben', 'de')
      ,(1047,E'zwischen', 'de')
      ,(1048,E'in', 'de')
      ,(1049,E'in der Nähe', 'de')
      ,(1050,E'auf', 'de')
      ,(1051,E'dass', 'de')
      ,(1052,E'diese', 'de')
      ,(1054,E'diejenigen', 'de')
      ,(1055,E'welche', 'de')
      ,(1056,E'wo', 'de')
      ,(1057,E'Apfel', 'de')
      ,(1058,E'schlecht', 'de')
      ,(1059,E'Bruder', 'de')
      ,(1060,E'Kinder', 'de')
      ,(1061,E'Land', 'de')
      ,(1062,E'Ägypten', 'de')
      ,(1063,E'Abend', 'de')
      ,(1064,E'Erweiterung', 'de')
      ,(1065,E'Geldbuße', 'de')
      ,(1066,E'a eine', 'de')
      ,(1067,E'von', 'de')
      ,(1068,E'Auf Wiedersehen', 'de')
      ,(1069,E'haben', 'de')
      ,(1070,E'hallo', 'de')
      ,(1071,E'sie', 'de')
      ,(1072,E'Haus', 'de')
      ,(1073,E'Job', 'de')
      ,(1074,E'Schlüssel', 'de')
      ,(1075,E'Sprache', 'de')
      ,(1076,E'leben', 'de')
      ,(1077,E'me', 'de')
      ,(1078,E'Mexiko', 'de')
      ,(1079,E'meine', 'de')
      ,(1080,E'Zeitung', 'de')
      ,(1081,E'schön', 'de')
      ,(1082,E'nicht schlecht', 'de')
      ,(1083,E'Orange', 'de')
      ,(1084,E'Ansichtskarte', 'de')
      ,(1085,E'Russland', 'de')
      ,(1086,E'Sie sehen', 'de')
      ,(1087,E'Schwester', 'de')
      ,(1088,E'Rufnummer', 'de')
      ,(1089,E'danke', 'de')
      ,(1090,E'die USA', 'de')
      ,(1091,E'die', 'de')
      ,(1092,E'wollen', 'de')
      ,(1093,E'Ihre', 'de')
      ,(1094,E'Bad', 'de')
      ,(1095,E'Schlafzimmer', 'de')
      ,(1096,E'Esszimmer', 'de')
      ,(1097,E'Garage', 'de')
      ,(1098,E'Wohnzimmer', 'de')
      ,(1099,E'Zimmer', 'de')
      ,(1100,E'WC', 'de')
      ,(1101,E'fahrrad', 'de')
      ,(1102,E'CD', 'de')
      ,(1103,E'Computer-Disc', 'de')
      ,(1104,E'Computerspiel', 'de')
      ,(1105,E'Computerprogramm', 'de')
      ,(1106,E'Desktop-Computer', 'de')
      ,(1107,E'Fußball', 'de')
      ,(1108,E'Gitarre', 'de')
      ,(1109,E'hallo-fi', 'de')
      ,(1110,E'Laptop-Computer', 'de')
      ,(1111,E'Handy', 'de')
      ,(1112,E'Modem', 'de')
      ,(1113,E'MP3-Player', 'de')
      ,(1114,E'PC', 'de')
      ,(1115,E'Rollerblades', 'de')
      ,(1116,E'TV Fernsehen', 'de')
      ,(1117,E'Video', 'de')
      ,(1118,E'ersten 1.', 'de')
      ,(1119,E'zweiten 2.', 'de')
      ,(1120,E'dritte 3.', 'de')
      ,(1121,E'vierte 4.', 'de')
      ,(1122,E'fünften 5.', 'de')
      ,(1123,E'sechsten 6.', 'de')
      ,(1124,E'siebten 7.', 'de')
      ,(1125,E'achte 8.', 'de')
      ,(1126,E'neunten 9.', 'de')
      ,(1127,E'Zehntel 10.', 'de')
      ,(1128,E'elften 11.', 'de')
      ,(1129,E'zwölften 12.', 'de')
      ,(1130,E'dreizehnten 13.', 'de')
      ,(1131,E'vierzehnten 14.', 'de')
      ,(1132,E'fünfzehnten 15.', 'de')
      ,(1133,E'sechzehnten 16.', 'de')
      ,(1134,E'siebzehnten 17.', 'de')
      ,(1135,E'achtzehnten 18.', 'de')
      ,(1136,E'neunzehnten 19.', 'de')
      ,(1137,E'zwanzigsten 20.', 'de')
      ,(1138,E'einundzwanzigste 21.', 'de')
      ,(1139,E'dreißigsten 30.', 'de')
      ,(1140,E'Geburtstag', 'de')
      ,(1141,E'Horoskop', 'de')
      ,(1142,E'Wassermann', 'de')
      ,(1143,E'Widder', 'de')
      ,(1144,E'Krebs', 'de')
      ,(1145,E'Steinbock', 'de')
      ,(1146,E'Zwillinge', 'de')
      ,(1147,E'Leo', 'de')
      ,(1148,E'Waage', 'de')
      ,(1149,E'Fische', 'de')
      ,(1150,E'Schütze', 'de')
      ,(1151,E'Skorpion', 'de')
      ,(1152,E'Stier', 'de')
      ,(1153,E'Virgio', 'de')
      ,(1154,E'Aktivität', 'de')
      ,(1155,E'Comic', 'de')
      ,(1156,E'Tanzen', 'de')
      ,(1157,E'Designer', 'de')
      ,(1158,E'Editor', 'de')
      ,(1159,E'Prüfung', 'de')
      ,(1160,E'Favoriten', 'de')
      ,(1161,E'Fußballmannschaft', 'de')
      ,(1162,E'Freizeit', 'de')
      ,(1163,E'wichtig', 'de')
      ,(1164,E'Roman', 'de')
      ,(1165,E'Foto', 'de')
      ,(1166,E'Fotografen', 'de')
      ,(1167,E'Gedichtband', 'de')
      ,(1168,E'Schule', 'de')
      ,(1169,E'Pressekonferenz', 'de')
      ,(1170,E'rockstar', 'de')
      ,(1171,E'Buchhalter', 'de')
      ,(1172,E'etwas anderes', 'de')
      ,(1173,E'Wohnung', 'de')
      ,(1174,E'zu Hause', 'de')
      ,(1175,E'big', 'de')
      ,(1176,E'Freund', 'de')
      ,(1177,E'billig', 'de')
      ,(1178,E'Schokolade', 'de')
      ,(1179,E'Kaffee-Bar', 'de')
      ,(1180,E'Hochschule', 'de')
      ,(1181,E'Tänzerin', 'de')
      ,(1182,E'Tochter', 'de')
      ,(1183,E'unterschiedlich', 'de')
      ,(1184,E'schwierig', 'de')
      ,(1185,E'trinken', 'de')
      ,(1186,E'leicht', 'de')
      ,(1187,E'Ei', 'de')
      ,(1188,E'aufregend', 'de')
      ,(1189,E'teuer', 'de')
      ,(1190,E'schnell', 'de')
      ,(1191,E'Vater', 'de')
      ,(1192,E'Vorname', 'de')
      ,(1193,E'Mädchen', 'de')
      ,(1194,E'Freundin', 'de')
      ,(1195,E'gut', 'de')
      ,(1196,E'Großvater', 'de')
      ,(1197,E'Großmutter', 'de')
      ,(1198,E'hamburger', 'de')
      ,(1199,E'glücklich', 'de')
      ,(1200,E'hierher', 'de')
      ,(1202,E'schrecklich', 'de')
      ,(1203,E'Ehemann', 'de')
      ,(1204,E'Eis', 'de')
      ,(1205,E'Ausweis', 'de')
      ,(1206,E'Journalist', 'de')
      ,(1207,E'Liebe, ...', 'de')
      ,(1208,E'Menü', 'de')
      ,(1209,E'Morgen', 'de')
      ,(1210,E'Mutter', 'de')
      ,(1211,E'neue', 'de')
      ,(1212,E'jetzt', 'de')
      ,(1213,E'Orangensaft', 'de')
      ,(1214,E'gefallen', 'de')
      ,(1215,E'Polizist', 'de')
      ,(1216,E'Pfund', 'de')
      ,(1217,E'Übung', 'de')
      ,(1218,E'Preis', 'de')
      ,(1219,E'verlangsamen', 'de')
      ,(1220,E'wenig', 'de')
      ,(1221,E'Snack-Bar', 'de')
      ,(1222,E'Schnee', 'de')
      ,(1223,E'Sohn', 'de')
      ,(1224,E'bald', 'de')
      ,(1225,E'sprechen', 'de')
      ,(1226,E'U-Bahn', 'de')
      ,(1227,E'Schweiz', 'de')
      ,(1228,E'Tee', 'de')
      ,(1229,E'verstehen', 'de')
      ,(1230,E'verwenden', 'de')
      ,(1231,E'Ehefrau', 'de')
      ,(1232,E'schreiben', 'de')
      ,(1233,E'Kind', 'de')
      ,(1234,E'Ingenieur', 'de')
      ,(1235,E'Vater dad', 'de')
      ,(1236,E'Enkelkind', 'de')
      ,(1237,E'Enkelkinder', 'de')
      ,(1238,E'Großvater Opa', 'de')
      ,(1239,E'Großmutter Oma', 'de')
      ,(1240,E'Großeltern', 'de')
      ,(1241,E'mütter', 'de')
      ,(1242,E'Musiker', 'de')
      ,(1243,E'Neffe', 'de')
      ,(1244,E'Nichte', 'de')
      ,(1245,E'Eltern', 'de')
      ,(1247,E'blonde', 'de')
      ,(1248,E'bauen', 'de')
      ,(1249,E'lockig', 'de')
      ,(1250,E'Augen', 'de')
      ,(1251,E'gut aussehend', 'de')
      ,(1252,E'UK Vereinigtes Königreich', 'de')
      ,(1253,E'USA Vereinigte Staaten von Amerika', 'de')
      ,(1254,E'Können Sie das wiederholen Sie bitte das?', 'de')
      ,(1255,E'Wie sagt man ... auf Englisch?', 'de')
      ,(1256,E'Wie schreibt man ...?', 'de')
      ,(1257,E'Ich verstehe nicht.', 'de')
      ,(1258,E'Hören Sie zu und wiederholen.', 'de')
      ,(1259,E'Öffnen Sie Ihre Bücher.', 'de')
      ,(1260,E'wie?', 'de')
      ,(1261,E'was?', 'de')
      ,(1262,E'wo?', 'de')
      ,(1263,E'Haben Sie einen schönen Tag.', 'de')
      ,(1264,E'Wie geht es Ihnen?', 'de')
      ,(1265,E'Ich bin nicht schlecht.', 'de')
      ,(1266,E'Mir geht es gut.', 'de')
      ,(1267,E'Wie ist dein Name?', 'de')
      ,(1268,E'Woher kommen Sie?', 'de')
      ,(1269,E'Ich komme aus ...', 'de')
      ,(1270,E'im Internet surfen', 'de')
      ,(1271,E'Kann ich ...?', 'de')
      ,(1272,E'Kann ich Ihnen helfen?', 'de')
      ,(1273,E'hier sind Sie', 'de')
      ,(1274,E'Wie viel ist es?', 'de')
      ,(1275,E'Wie alt sind Sie?', 'de')
      ,(1276,E'Verzeihung?', 'de')
      ,(1277,E'wer?', 'de')
      ,(1278,E'Ich bin 18 Jahre alt.', 'de')
      ,(1279,E'Es ist viel Geld.', 'de')
      ,(1280,E'Sie sprechen schnell.', 'de')
      ,(1281,E'Sie ist Französisch.', 'de')
      ,(1282,E'Es ist sehr kalt.', 'de')
      ,(1283,E';', 'de')
      ,(2001,E'akzeptieren', 'de')
      ,(2002,E'fragen Sie nach', 'de')
      ,(2003,E'lassen Sie sich überraschen', 'de')
      ,(2004,E'Korridor', 'de')
      ,(2005,E'Glück', 'de')
      ,(2006,E'Vorstellungsgespräch', 'de')
      ,(2007,E'Gepäck', 'de')
      ,(2008,E'üben', 'de')
      ,(2009,E'Sport-Sachen', 'de')
      ,(2010,E'gerade', 'de')
      ,(2011,E'Tennisschläger', 'de')
      ,(2012,E'Ausbilder', 'de')
      ,(2013,E'Trolley', 'de')
      ,(2014,E'auftauchen', 'de')
      ,(2015,E'Leistung', 'de')
      ,(2016,E'Anzeige', 'de')
      ,(2017,E'leisten', 'de')
      ,(2018,E'Ewigkeit', 'de')
      ,(2019,E'erstaunlich', 'de')
      ,(2020,E'Botschafter', 'de')
      ,(2021,E'Betrag', 'de')
      ,(2022,E'alten', 'de')
      ,(2023,E'entschuldigen', 'de')
      ,(2024,E'architektonisch', 'de')
      ,(2025,E'ermorden', 'de')
      ,(2026,E'profitieren', 'de')
      ,(2027,E'brechen', 'de')
      ,(2028,E'leuchtend', 'de')
      ,(2029,E'Broschüre', 'de')
      ,(2030,E'Baumeister', 'de')
      ,(2031,E'Schmetterling', 'de')
      ,(2032,E'Berühmtheit', 'de')
      ,(2033,E'Jahrhundert', 'de')
      ,(2034,E'vorbeikommen', 'de')
      ,(2035,E'kommerzialisiert', 'de')
      ,(2036,E'kommunizieren', 'de')
      ,(2037,E'Computer', 'de')
      ,(2038,E'Mais', 'de')
      ,(2039,E'zerstören', 'de')
      ,(2040,E'Geschirrspüler', 'de')
      ,(2041,E'Drogenmissbrauch', 'de')
      ,(2042,E'E-Mail-', 'de')
      ,(2043,E'schätzen', 'de')
      ,(2044,E'Hungersnot', 'de')
      ,(2045,E'Einfrieren', 'de')
      ,(2046,E'Vollzeit', 'de')
      ,(2047,E'galaxy', 'de')
      ,(2048,E'stecken', 'de')
      ,(2049,E'Riese', 'de')
      ,(2050,E'verrückt', 'de')
      ,(2051,E'Wohlwollen', 'de')
      ,(2052,E'herrlich', 'de')
      ,(2053,E'Gier', 'de')
      ,(2054,E'Gesundheitspflege', 'de')
      ,(2055,E'hektisch', 'de')
      ,(2056,E'riesige', 'de')
      ,(2057,E'demütig', 'de')
      ,(2058,E'Unannehmlichkeit', 'de')
      ,(2059,E'erhöhen', 'de')
      ,(2060,E'Interaktivität', 'de')
      ,(2061,E'Internet', 'de')
      ,(2062,E'Wissen', 'de')
      ,(2063,E'springen', 'de')
      ,(2064,E'loo WC', 'de')
      ,(2065,E'Menschheit', 'de')
      ,(2066,E'Durcheinander', 'de')
      ,(2067,E'Handy', 'de')
      ,(2068,E'Musikinstrument', 'de')
      ,(2069,E'spürbar', 'de')
      ,(2070,E'Kernwaffe', 'de')
      ,(2071,E'Sternwarte', 'de')
      ,(2072,E'Olympische Spiele', 'de')
      ,(2073,E'Online', 'de')
      ,(2074,E'Bestellung', 'de')
      ,(2075,E'Bezahlung', 'de')
      ,(2076,E'durchführen', 'de')
      ,(2077,E'pet', 'de')
      ,(2078,E'aufnehmen', 'de')
      ,(2079,E'Popcorn', 'de')
      ,(2080,E'Prozess', 'de')
      ,(2081,E'Rennen', 'de')
      ,(2082,E'ray', 'de')
      ,(2083,E'Aufzeichnung', 'de')
      ,(2084,E'revolutionieren', 'de')
      ,(2085,E'steigen', 'de')
      ,(2086,E'speichern', 'de')
      ,(2087,E'Schleudern', 'de')
      ,(2088,E'Solaranlage', 'de')
      ,(2089,E'Raumsonde', 'de')
      ,(2090,E'Sekt', 'de')
      ,(2091,E'Bühne', 'de')
      ,(2092,E'stehen', 'de')
      ,(2093,E'stehen für', 'de')
      ,(2094,E'Erklärung', 'de')
      ,(2095,E'Schritt', 'de')
      ,(2096,E'sicherlich', 'de')
      ,(2097,E'Badeanzug', 'de')
      ,(2098,E'Litauen', 'de')
      ,(2099,E'stattfinden', 'de');



      INSERT INTO link ( lid, description, image, lesson ) VALUES
      (1001,E'Lithuania',101,101)
      ,(1002,E'Lithuanian',102,101)
      ,(1003,E'Poland',NULL,101)
      ,(1004,E'Polish',NULL,101)
      ,(1005,E'Portugal',1,101)
      ,(1006,E'Portuguese',NULL,101)
      ,(1007,E'Scotland',NULL,101)
      ,(1008,E'Scottish',105,101)
      ,(1009,E'Slovakia',2,101)
      ,(1010,E'Slovakian',NULL,101)
      ,(1011,E'South Africa',3,101)
      ,(1012,E'South African',NULL,101)
      ,(1013,E'Turkey',NULL,101)
      ,(1014,E'Turkish',NULL,101)
      ,(1015,E'Ukraine',4,101)
      ,(1016,E'Ukrainian',NULL,101)
      ,(1017,E'Welsh',NULL,101)
      ,(1018,E'actor',NULL,101)
      ,(1019,E'actress',NULL,101)
      ,(1020,E'doctor',NULL,101)
      ,(1021,E'housewife',NULL,101)
      ,(1022,E'nurse',5,101)
      ,(1023,E'singer',6,101)
      ,(1024,E'student',NULL,101)
      ,(1025,E'teacher',7,102)
      ,(1026,E'shop assistant',8,102)
      ,(1027,E'bag',9,102)
      ,(1028,E'blackboard',10,102)
      ,(1029,E'book',NULL,102)
      ,(1030,E'ceiling',NULL,102)
      ,(1031,E'chair',NULL,102)
      ,(1032,E'computer',11,102)
      ,(1033,E'desk',NULL,102)
      ,(1034,E'dictionary',12,102)
      ,(1035,E'door',13,102)
      ,(1036,E'exercise book',14,102)
      ,(1037,E'floor',NULL,102)
      ,(1038,E'pen',NULL,102)
      ,(1039,E'pencil',15,102)
      ,(1040,E'pencil case',16,102)
      ,(1041,E'rubber',NULL,102)
      ,(1042,E'rucksack',NULL,102)
      ,(1043,E'ruler',17,102)
      ,(1044,E'wall',18,2001)
      ,(1045,E'window',19,2001)
      ,(1046,E'beside',NULL,2001)
      ,(1047,E'between',NULL,2001)
      ,(1048,E'in',NULL,2001)
      ,(1049,E'near',NULL,2001)
      ,(1050,E'on',NULL,2001)
      ,(1051,E'that',NULL,2001)
      ,(1052,E'these',NULL,2001)
      ,(1053,E'this',NULL,2001)
      ,(1054,E'those',NULL,2001)
      ,(1055,E'what',NULL,2001)
      ,(1056,E'where',NULL,2001)
      ,(1057,E'apple',NULL,2001)
      ,(1058,E'bad',NULL,2001)
      ,(1059,E'brother',NULL,2001)
      ,(1060,E'children',NULL,2001)
      ,(1061,E'country',NULL,2001)
      ,(1062,E'Egypt',20,2001)
      ,(1063,E'evening',NULL,2001)
      ,(1064,E'extension',NULL,2004)
      ,(1065,E'fine',NULL,2004)
      ,(1066,E'a an',NULL,2004)
      ,(1067,E'from',NULL,2004)
      ,(1068,E'goodbye',NULL,2004)
      ,(1069,E'have',NULL,2004)
      ,(1070,E'hello',NULL,2004)
      ,(1071,E'her',NULL,2004)
      ,(1072,E'house',21,2004)
      ,(1073,E'job',NULL,2004)
      ,(1074,E'key',22,2004)
      ,(1075,E'language',NULL,2004)
      ,(1076,E'live',NULL,2004)
      ,(1077,E'me',NULL,2004)
      ,(1078,E'Mexico',NULL,2004)
      ,(1079,E'my',NULL,2004)
      ,(1080,E'newspaper',23,2004)
      ,(1081,E'nice',NULL,2004)
      ,(1082,E'not bad',NULL,2004)
      ,(1083,E'orange',24,2004)
      ,(1084,E'postcard',25,2004)
      ,(1085,E'Russia',26,2004)
      ,(1086,E'see you',NULL,2004)
      ,(1087,E'sister',NULL,2004)
      ,(1088,E'telephone number',NULL,2004)
      ,(1089,E'thank you',NULL,2004)
      ,(1090,E'the USA',27,2004)
      ,(1091,E'the',NULL,2004)
      ,(1092,E'want',NULL,2004)
      ,(1093,E'your',NULL,2004)
      ,(1094,E'bathroom',28,2004)
      ,(1095,E'bedroom',29,2004)
      ,(1096,E'dining-room',30,2004)
      ,(1097,E'garage',NULL,2004)
      ,(1098,E'living-room',NULL,2004)
      ,(1099,E'room',NULL,2004)
      ,(1100,E'toilet',31,2004)
      ,(1101,E'bicycle bike',32,2004)
      ,(1102,E'CD',NULL,2004)
      ,(1103,E'computer disc',NULL,2004)
      ,(1104,E'computer game',NULL,2004)
      ,(1105,E'computer program',NULL,2004)
      ,(1106,E'desktop computer',NULL,2004)
      ,(1107,E'football',NULL,2004)
      ,(1108,E'guitar',33,2004)
      ,(1109,E'hi-fi',NULL,2004)
      ,(1110,E'laptop computer',34,2004)
      ,(1111,E'mobile phone',35,2004)
      ,(1112,E'modem',36,2004)
      ,(1113,E'MP3 player',NULL,2004)
      ,(1114,E'PC',NULL,2004)
      ,(1115,E'rollerblades',37,2004)
      ,(1116,E'TV television',NULL,2004)
      ,(1117,E'video',NULL,2004)
      ,(1118,E'first 1st',NULL,2004)
      ,(1119,E'second 2nd',NULL,2004)
      ,(1120,E'third 3rd',NULL,2004)
      ,(1121,E'fourth 4th',NULL,2004)
      ,(1122,E'fifth 5th',NULL,2004)
      ,(1123,E'sixth 6th',NULL,2004)
      ,(1124,E'seventh 7th',NULL,2004)
      ,(1125,E'eighth 8th',NULL,2004)
      ,(1126,E'ninth 9th',NULL,2004)
      ,(1127,E'tenth 10th',NULL,2004)
      ,(1128,E'eleventh 11th',NULL,2004)
      ,(1129,E'twelfth 12th',NULL,2004)
      ,(1130,E'thirteenth 13th',NULL,2004)
      ,(1131,E'fourteenth 14th',NULL,2004)
      ,(1132,E'fifteenth 15th',NULL,2004)
      ,(1133,E'sixteenth 16th',NULL,2004)
      ,(1134,E'seventeenth 17th',NULL,2004)
      ,(1135,E'eighteenth 18th',NULL,2004)
      ,(1136,E'nineteenth 19th',NULL,2004)
      ,(1137,E'twentieth 20th',NULL,2004)
      ,(1138,E'twenty-first 21st',NULL,2004)
      ,(1139,E'thirtieth 30th',NULL,2004)
      ,(1140,E'birthday',NULL,2004)
      ,(1141,E'horoscope',38,2004)
      ,(1142,E'Aquarius',NULL,2004)
      ,(1143,E'Aries',NULL,2004)
      ,(1144,E'Cancer',NULL,2004)
      ,(1145,E'Capricorn',NULL,2004)
      ,(1146,E'Gemini',NULL,2004)
      ,(1147,E'Leo',NULL,2004)
      ,(1148,E'Libra',NULL,2004)
      ,(1149,E'Pisces',NULL,2004)
      ,(1150,E'Sagittarius',NULL,2004)
      ,(1151,E'Scorpio',NULL,2004)
      ,(1152,E'Taurus',NULL,2004)
      ,(1153,E'Virgio',NULL,2004)
      ,(1154,E'activity',NULL,2004)
      ,(1155,E'comic',NULL,2004)
      ,(1156,E'dancing',NULL,2004)
      ,(1157,E'designer',NULL,2004)
      ,(1158,E'editor',NULL,2004)
      ,(1159,E'exam',NULL,2004)
      ,(1160,E'favourite',NULL,2004)
      ,(1161,E'football team',39,2004)
      ,(1162,E'free time',NULL,2004)
      ,(1163,E'important',NULL,2004)
      ,(1164,E'novel',NULL,2004)
      ,(1165,E'photo',NULL,2004)
      ,(1166,E'photographer',40,2004)
      ,(1167,E'poetry book',NULL,2004)
      ,(1168,E'school',NULL,2004)
      ,(1169,E'press conference',NULL,2004)
      ,(1170,E'rockstar',NULL,2004)
      ,(1171,E'accountant',41,2004)
      ,(1172,E'anything else',NULL,2004)
      ,(1173,E'apartment',NULL,2004)
      ,(1174,E'at home',NULL,2004)
      ,(1175,E'big',NULL,2004)
      ,(1176,E'boyfriend',NULL,2004)
      ,(1177,E'cheap',NULL,2004)
      ,(1178,E'chocolate',42,2004)
      ,(1179,E'coffee bar',NULL,2004)
      ,(1180,E'college',NULL,2004)
      ,(1181,E'dancer',43,2004)
      ,(1182,E'daughter',NULL,2004)
      ,(1183,E'different',NULL,2004)
      ,(1184,E'difficult',NULL,2004)
      ,(1185,E'drink',NULL,2004)
      ,(1186,E'easy',NULL,2004)
      ,(1187,E'egg',44,2004)
      ,(1188,E'exciting',NULL,2004)
      ,(1189,E'expensive',NULL,2004)
      ,(1190,E'fast',45,2004)
      ,(1191,E'father',NULL,2004)
      ,(1192,E'first name',NULL,2004)
      ,(1193,E'girl',NULL,2004)
      ,(1194,E'girlfriend',NULL,2004)
      ,(1195,E'good',NULL,2004)
      ,(1196,E'grandfather',NULL,2004)
      ,(1197,E'grandmother',NULL,2004)
      ,(1198,E'hamburger',46,2004)
      ,(1199,E'happy',47,2004)
      ,(1200,E'here',NULL,2004)
      ,(1201,E'hi',NULL,2004)
      ,(1202,E'horrible',NULL,2004)
      ,(1203,E'husband',NULL,2004)
      ,(1204,E'ice-cream',48,2004)
      ,(1205,E'identity card',49,2004)
      ,(1206,E'journalist',50,2004)
      ,(1207,E'Love, ...',NULL,2004)
      ,(1208,E'menu',NULL,2004)
      ,(1209,E'morning',NULL,2004)
      ,(1210,E'mother',NULL,2004)
      ,(1211,E'new',NULL,2004)
      ,(1212,E'now',NULL,2004)
      ,(1213,E'orange juice',51,2004)
      ,(1214,E'please',NULL,2004)
      ,(1215,E'policeman',52,2004)
      ,(1216,E'pound',NULL,2004)
      ,(1217,E'practice',NULL,2004)
      ,(1218,E'price',NULL,2004)
      ,(1219,E'slow',NULL,2004)
      ,(1220,E'small',NULL,2004)
      ,(1221,E'snack bar',NULL,2004)
      ,(1222,E'snow',53,2004)
      ,(1223,E'son',NULL,2004)
      ,(1224,E'soon',NULL,2004)
      ,(1225,E'speak',NULL,2004)
      ,(1226,E'subway',54,2004)
      ,(1227,E'Switzerland',NULL,2004)
      ,(1228,E'tea',55,2004)
      ,(1229,E'understand',NULL,2004)
      ,(1230,E'use',NULL,2004)
      ,(1231,E'wife',NULL,2004)
      ,(1232,E'write',56,2004)
      ,(1233,E'child',57,2004)
      ,(1234,E'engineer',NULL,2004)
      ,(1235,E'father dad',NULL,2004)
      ,(1236,E'grandchild',NULL,2004)
      ,(1237,E'grandchildren',NULL,2004)
      ,(1238,E'grandfather granddad',NULL,2004)
      ,(1239,E'grandmother grandma',NULL,2004)
      ,(1240,E'grandparents',NULL,2004)
      ,(1241,E'mother mum',NULL,2004)
      ,(1242,E'musician',NULL,2004)
      ,(1243,E'nephew',NULL,2004)
      ,(1244,E'niece',NULL,2004)
      ,(1245,E'parents',NULL,2004)
      ,(1246,E'beautiful',NULL,2004)
      ,(1247,E'blonde',NULL,2004)
      ,(1248,E'build',NULL,2004)
      ,(1249,E'curly',NULL,2004)
      ,(1250,E'eyes',NULL,2004)
      ,(1251,E'good-looking',NULL,2004)
      ,(1252,E'UK United Kingdom',NULL,2004)
      ,(1253,E'USA United States of America',NULL,2004)
      ,(1254,E'Can you repeat that please?',NULL,2004)
      ,(1255,E'How do you say ... in English?',NULL,2004)
      ,(1256,E'How do you spell ...?',NULL,2004)
      ,(1257,E'I don\'t understand.',NULL,2004)
      ,(1258,E'Listen and repeat.',NULL,2004)
      ,(1259,E'Open your books.',NULL,2004)
      ,(1260,E'how?',NULL,2004)
      ,(1261,E'what?',NULL,2004)
      ,(1262,E'where?',NULL,2004)
      ,(1263,E'Have a nice day.',NULL,2004)
      ,(1264,E'How are you?',NULL,2004)
      ,(1265,E'I am not bad.',NULL,2004)
      ,(1266,E'I am fine.',NULL,2004)
      ,(1267,E'What\'s your name?',NULL,2004)
      ,(1268,E'Where are you from?',NULL,2004)
      ,(1269,E'I\'m from ...',NULL,2004)
      ,(1270,E'surf the Internet',NULL,2004)
      ,(1271,E'Can I have ...?',NULL,2004)
      ,(1272,E'Can I help?',NULL,2004)
      ,(1273,E'here you are',NULL,2004)
      ,(1274,E'How much is it?',NULL,2004)
      ,(1275,E'How old are you?',NULL,2004)
      ,(1276,E'pardon?',NULL,2004)
      ,(1277,E'who?',NULL,2004)
      ,(1278,E'I\'m 18 years old.',NULL,2004)
      ,(1279,E'It\'s much money.',NULL,2004)
      ,(1280,E'They speak fast.',NULL,2004)
      ,(1281,E'She is French.',NULL,2004)
      ,(1282,E'It\'s very cold.',NULL,2004)
      ,(1284,'',NULL,2004)
      ,(2001,E'accept',NULL,4001)
      ,(2002,E'ask for',NULL,4001)
      ,(2003,E'be surprised',58,4001)
      ,(2004,E'corridor',59,4001)
      ,(2005,E'good luck',NULL,4001)
      ,(2006,E'interview',60,4001)
      ,(2007,E'luggage',61,4001)
      ,(2008,E'practise',NULL,4001)
      ,(2009,E'sports stuff',62,4001)
      ,(2010,E'straight',NULL,4001)
      ,(2011,E'tennis racquet',63,4001)
      ,(2012,E'trainers',64,4001)
      ,(2013,E'trolley',NULL,4001)
      ,(2014,E'turn up',NULL,4001)
      ,(2015,E'achievement',NULL,4001)
      ,(2016,E'advertisement',NULL,4001)
      ,(2017,E'afford',NULL,4001)
      ,(2018,E'ages',NULL,4001)
      ,(2019,E'amazing',NULL,4001)
      ,(2020,E'ambassador',NULL,4001)
      ,(2021,E'amount',NULL,4001)
      ,(2022,E'ancient',65,4001)
      ,(2023,E'apologize',NULL,4001)
      ,(2024,E'architectural',NULL,4001)
      ,(2025,E'assassinate',NULL,4001)
      ,(2026,E'benefit',NULL,4001)
      ,(2027,E'break',NULL,4001)
      ,(2028,E'bright',NULL,4001)
      ,(2029,E'brochure',NULL,4001)
      ,(2030,E'builder',66,4001)
      ,(2031,E'butterfly',67,4001)
      ,(2032,E'celebrity',NULL,4001)
      ,(2033,E'century',NULL,4001)
      ,(2034,E'come round',NULL,4001)
      ,(2035,E'commercialized',NULL,4001)
      ,(2036,E'communicate',68,4001)
      ,(2037,E'computer',69,4001)
      ,(2038,E'corn',70,4001)
      ,(2039,E'destroy',NULL,4001)
      ,(2040,E'dishwasher',71,4001)
      ,(2041,E'drug abuse',NULL,4001)
      ,(2042,E'email',72,4001)
      ,(2043,E'estimate',NULL,4001)
      ,(2044,E'famine',NULL,4001)
      ,(2045,E'freezing',NULL,4001)
      ,(2046,E'full-time',NULL,4001)
      ,(2047,E'galaxy',73,4001)
      ,(2048,E'get stuck',74,4001)
      ,(2049,E'giant',NULL,4001)
      ,(2050,E'go mad',NULL,4001)
      ,(2051,E'goodwill',NULL,4001)
      ,(2052,E'gorgeous',NULL,4001)
      ,(2053,E'greed',NULL,4001)
      ,(2054,E'health care',75,4001)
      ,(2055,E'hectic',NULL,4001)
      ,(2056,E'huge',NULL,4001)
      ,(2057,E'humble',NULL,4001)
      ,(2058,E'inconvenience',NULL,4001)
      ,(2059,E'increase',76,4001)
      ,(2060,E'interactivity',NULL,4001)
      ,(2061,E'Internet',77,4001)
      ,(2062,E'knowledge',NULL,4001)
      ,(2063,E'leap',NULL,4001)
      ,(2064,E'loo toilet',78,4001)
      ,(2065,E'mankind',NULL,4001)
      ,(2066,E'mess',79,4001)
      ,(2067,E'mobile phone',NULL,4001)
      ,(2068,E'musical instrument',80,4001)
      ,(2069,E'noticeable',81,4001)
      ,(2070,E'nuclear weapon',NULL,4001)
      ,(2071,E'observatory',82,4001)
      ,(2072,E'Olympic Games',83,4001)
      ,(2073,E'online',NULL,4001)
      ,(2074,E'order',NULL,4001)
      ,(2075,E'payment',NULL,4001)
      ,(2076,E'perform',NULL,4001)
      ,(2077,E'pet',84,4001)
      ,(2078,E'pick up',NULL,4001)
      ,(2079,E'popcorn',85,4001)
      ,(2080,E'process',NULL,4001)
      ,(2081,E'race',86,4001)
      ,(2082,E'ray',87,4001)
      ,(2083,E'record',88,4001)
      ,(2084,E'revolutionize',NULL,4001)
      ,(2085,E'rise',NULL,4001)
      ,(2086,E'save',89,4001)
      ,(2087,E'skid',NULL,4001)
      ,(2088,E'solar system',90,4001)
      ,(2089,E'space probe',91,4001)
      ,(2090,E'sparkling',92,4001)
      ,(2091,E'stage',93,4001)
      ,(2092,E'stand',NULL,4001)
      ,(2093,E'stand for',NULL,4001)
      ,(2094,E'statement',NULL,4001)
      ,(2095,E'step',NULL,4001)
      ,(2096,E'surely',NULL,4001)
      ,(2097,E'swimming costume',94,4001)
      ,(2098,E'take part',NULL,4001)
      ,(2099,E'take place',NULL,4001);

      INSERT INTO question_status_t ( status, link ) VALUES
        (1,1063),(2,1062),(3,2033);

      INSERT INTO question_t ( message, lang1, lang2, usr, link ) VALUES
            ('a test messag 1', 'cs','de',3,1063),('a test messag 2', 'cs','de',4,1062),('a test messag 3', 'cs','de',3,2033);
      --SELECT pg_size_pretty(pg_database_size('voc4u'));

      RETURN 0; --(SELECT pg_size_pretty(pg_database_size('voc4u')));
END; $$
LANGUAGE plpgsql;


SELECT remove_test_data();

SELECT create_test_data();

