-- psql -d voc4u -f initdata/init.sql
drop table word;
drop table image;
drop table link;

CREATE TABLE link (
    -- link id
    lid INTEGER UNIQUE NOT NULL
);




CREATE TABLE word (
    lang CHAR(2) NOT NULL,
    word TEXT NOT NULL,
    link INTEGER,
    FOREIGN KEY (link) REFERENCES link (lid),
    history SMALLINT NOT NULL DEFAULT 0,
    PRIMARY KEY(lang, link)
);


CREATE TABLE image (
    image VARCHAR(255),
    link INTEGER,
    FOREIGN KEY (link) REFERENCES link (lid),
    history SMALLINT NOT NULL DEFAULT 0,
    PRIMARY KEY(link)
);


-- http://tools.perceptus.ca/text-wiz.php

INSERT INTO link (lid) VALUES ('1');
INSERT INTO link (lid) VALUES ('2');
INSERT INTO link (lid) VALUES ('3');
INSERT INTO link (lid) VALUES ('4');
INSERT INTO link (lid) VALUES ('5');
INSERT INTO link (lid) VALUES ('6');
INSERT INTO link (lid) VALUES ('7');
INSERT INTO link (lid) VALUES ('8');
INSERT INTO link (lid) VALUES ('9');
INSERT INTO link (lid) VALUES ('10');
INSERT INTO link (lid) VALUES ('11');
INSERT INTO link (lid) VALUES ('12');
INSERT INTO link (lid) VALUES ('13');
INSERT INTO link (lid) VALUES ('14');
INSERT INTO link (lid) VALUES ('15');
INSERT INTO link (lid) VALUES ('16');
INSERT INTO link (lid) VALUES ('17');
INSERT INTO link (lid) VALUES ('18');
INSERT INTO link (lid) VALUES ('19');
INSERT INTO link (lid) VALUES ('20');
INSERT INTO link (lid) VALUES ('21');
INSERT INTO link (lid) VALUES ('22');
INSERT INTO link (lid) VALUES ('23');
INSERT INTO link (lid) VALUES ('24');
INSERT INTO link (lid) VALUES ('25');
INSERT INTO link (lid) VALUES ('26');
INSERT INTO link (lid) VALUES ('27');
INSERT INTO link (lid) VALUES ('28');
INSERT INTO link (lid) VALUES ('29');
INSERT INTO link (lid) VALUES ('30');
INSERT INTO link (lid) VALUES ('31');
INSERT INTO link (lid) VALUES ('32');
INSERT INTO link (lid) VALUES ('33');
INSERT INTO link (lid) VALUES ('34');
INSERT INTO link (lid) VALUES ('35');
INSERT INTO link (lid) VALUES ('36');
INSERT INTO link (lid) VALUES ('37');
INSERT INTO link (lid) VALUES ('38');
INSERT INTO link (lid) VALUES ('39');
INSERT INTO link (lid) VALUES ('40');
INSERT INTO link (lid) VALUES ('41');
INSERT INTO link (lid) VALUES ('42');
INSERT INTO link (lid) VALUES ('43');
INSERT INTO link (lid) VALUES ('44');
INSERT INTO link (lid) VALUES ('45');
INSERT INTO link (lid) VALUES ('46');
INSERT INTO link (lid) VALUES ('47');
INSERT INTO link (lid) VALUES ('48');
INSERT INTO link (lid) VALUES ('49');
INSERT INTO link (lid) VALUES ('50');
INSERT INTO link (lid) VALUES ('51');
INSERT INTO link (lid) VALUES ('52');
INSERT INTO link (lid) VALUES ('53');
INSERT INTO link (lid) VALUES ('54');
INSERT INTO link (lid) VALUES ('55');
INSERT INTO link (lid) VALUES ('56');
INSERT INTO link (lid) VALUES ('57');
INSERT INTO link (lid) VALUES ('58');
INSERT INTO link (lid) VALUES ('59');
INSERT INTO link (lid) VALUES ('60');
INSERT INTO link (lid) VALUES ('61');
INSERT INTO link (lid) VALUES ('62');
INSERT INTO link (lid) VALUES ('63');
INSERT INTO link (lid) VALUES ('64');
INSERT INTO link (lid) VALUES ('65');
INSERT INTO link (lid) VALUES ('66');
INSERT INTO link (lid) VALUES ('67');
INSERT INTO link (lid) VALUES ('68');
INSERT INTO link (lid) VALUES ('69');
INSERT INTO link (lid) VALUES ('70');
INSERT INTO link (lid) VALUES ('71');
INSERT INTO link (lid) VALUES ('72');
INSERT INTO link (lid) VALUES ('73');
INSERT INTO link (lid) VALUES ('74');
INSERT INTO link (lid) VALUES ('75');
INSERT INTO link (lid) VALUES ('76');
INSERT INTO link (lid) VALUES ('77');
INSERT INTO link (lid) VALUES ('78');
INSERT INTO link (lid) VALUES ('79');
INSERT INTO link (lid) VALUES ('80');
INSERT INTO link (lid) VALUES ('81');
INSERT INTO link (lid) VALUES ('82');
INSERT INTO link (lid) VALUES ('83');
INSERT INTO link (lid) VALUES ('84');
INSERT INTO link (lid) VALUES ('85');
INSERT INTO link (lid) VALUES ('86');
INSERT INTO link (lid) VALUES ('87');
INSERT INTO link (lid) VALUES ('88');
INSERT INTO link (lid) VALUES ('89');
INSERT INTO link (lid) VALUES ('90');
INSERT INTO link (lid) VALUES ('91');
INSERT INTO link (lid) VALUES ('92');
INSERT INTO link (lid) VALUES ('93');
INSERT INTO link (lid) VALUES ('94');
INSERT INTO link (lid) VALUES ('95');
INSERT INTO link (lid) VALUES ('96');
INSERT INTO link (lid) VALUES ('97');
INSERT INTO link (lid) VALUES ('98');
INSERT INTO link (lid) VALUES ('99');
INSERT INTO link (lid) VALUES ('100');
INSERT INTO link (lid) VALUES ('101');
INSERT INTO link (lid) VALUES ('102');
INSERT INTO link (lid) VALUES ('103');
INSERT INTO link (lid) VALUES ('104');
INSERT INTO link (lid) VALUES ('105');
INSERT INTO link (lid) VALUES ('106');
INSERT INTO link (lid) VALUES ('107');
INSERT INTO link (lid) VALUES ('108');
INSERT INTO link (lid) VALUES ('109');
INSERT INTO link (lid) VALUES ('110');
INSERT INTO link (lid) VALUES ('111');
INSERT INTO link (lid) VALUES ('112');
INSERT INTO link (lid) VALUES ('113');
INSERT INTO link (lid) VALUES ('114');
INSERT INTO link (lid) VALUES ('115');
INSERT INTO link (lid) VALUES ('116');
INSERT INTO link (lid) VALUES ('117');
INSERT INTO link (lid) VALUES ('118');
INSERT INTO link (lid) VALUES ('119');
INSERT INTO link (lid) VALUES ('120');
INSERT INTO link (lid) VALUES ('121');
INSERT INTO link (lid) VALUES ('122');
INSERT INTO link (lid) VALUES ('123');
INSERT INTO link (lid) VALUES ('124');
INSERT INTO link (lid) VALUES ('125');
INSERT INTO link (lid) VALUES ('126');
INSERT INTO link (lid) VALUES ('127');
INSERT INTO link (lid) VALUES ('128');
INSERT INTO link (lid) VALUES ('129');
INSERT INTO link (lid) VALUES ('130');
INSERT INTO link (lid) VALUES ('131');
INSERT INTO link (lid) VALUES ('132');
INSERT INTO link (lid) VALUES ('133');
INSERT INTO link (lid) VALUES ('134');
INSERT INTO link (lid) VALUES ('135');
INSERT INTO link (lid) VALUES ('136');
INSERT INTO link (lid) VALUES ('137');
INSERT INTO link (lid) VALUES ('138');
INSERT INTO link (lid) VALUES ('139');
INSERT INTO link (lid) VALUES ('140');
INSERT INTO link (lid) VALUES ('141');
INSERT INTO link (lid) VALUES ('142');
INSERT INTO link (lid) VALUES ('143');
INSERT INTO link (lid) VALUES ('144');
INSERT INTO link (lid) VALUES ('145');
INSERT INTO link (lid) VALUES ('146');
INSERT INTO link (lid) VALUES ('147');
INSERT INTO link (lid) VALUES ('148');
INSERT INTO link (lid) VALUES ('149');
INSERT INTO link (lid) VALUES ('150');
INSERT INTO link (lid) VALUES ('151');
INSERT INTO link (lid) VALUES ('152');
INSERT INTO link (lid) VALUES ('153');
INSERT INTO link (lid) VALUES ('154');
INSERT INTO link (lid) VALUES ('155');
INSERT INTO link (lid) VALUES ('156');
INSERT INTO link (lid) VALUES ('157');
INSERT INTO link (lid) VALUES ('158');
INSERT INTO link (lid) VALUES ('159');
INSERT INTO link (lid) VALUES ('160');
INSERT INTO link (lid) VALUES ('161');
INSERT INTO link (lid) VALUES ('162');
INSERT INTO link (lid) VALUES ('163');
INSERT INTO link (lid) VALUES ('164');
INSERT INTO link (lid) VALUES ('165');
INSERT INTO link (lid) VALUES ('166');
INSERT INTO link (lid) VALUES ('167');
INSERT INTO link (lid) VALUES ('168');
INSERT INTO link (lid) VALUES ('169');
INSERT INTO link (lid) VALUES ('170');
INSERT INTO link (lid) VALUES ('171');
INSERT INTO link (lid) VALUES ('172');
INSERT INTO link (lid) VALUES ('173');
INSERT INTO link (lid) VALUES ('174');
INSERT INTO link (lid) VALUES ('175');
INSERT INTO link (lid) VALUES ('176');
INSERT INTO link (lid) VALUES ('177');
INSERT INTO link (lid) VALUES ('178');
INSERT INTO link (lid) VALUES ('179');
INSERT INTO link (lid) VALUES ('180');
INSERT INTO link (lid) VALUES ('181');
INSERT INTO link (lid) VALUES ('182');
INSERT INTO link (lid) VALUES ('183');
INSERT INTO link (lid) VALUES ('184');
INSERT INTO link (lid) VALUES ('185');
INSERT INTO link (lid) VALUES ('186');
INSERT INTO link (lid) VALUES ('187');
INSERT INTO link (lid) VALUES ('188');
INSERT INTO link (lid) VALUES ('189');
INSERT INTO link (lid) VALUES ('190');
INSERT INTO link (lid) VALUES ('191');
INSERT INTO link (lid) VALUES ('192');
INSERT INTO link (lid) VALUES ('193');
INSERT INTO link (lid) VALUES ('194');
INSERT INTO link (lid) VALUES ('195');
INSERT INTO link (lid) VALUES ('196');
INSERT INTO link (lid) VALUES ('197');
INSERT INTO link (lid) VALUES ('198');
INSERT INTO link (lid) VALUES ('199');
INSERT INTO link (lid) VALUES ('200');
INSERT INTO link (lid) VALUES ('201');
INSERT INTO link (lid) VALUES ('202');
INSERT INTO link (lid) VALUES ('203');
INSERT INTO link (lid) VALUES ('204');
INSERT INTO link (lid) VALUES ('205');
INSERT INTO link (lid) VALUES ('206');
INSERT INTO link (lid) VALUES ('207');
INSERT INTO link (lid) VALUES ('208');
INSERT INTO link (lid) VALUES ('209');
INSERT INTO link (lid) VALUES ('210');
INSERT INTO link (lid) VALUES ('211');
INSERT INTO link (lid) VALUES ('212');
INSERT INTO link (lid) VALUES ('213');
INSERT INTO link (lid) VALUES ('214');
INSERT INTO link (lid) VALUES ('215');
INSERT INTO link (lid) VALUES ('216');
INSERT INTO link (lid) VALUES ('217');
INSERT INTO link (lid) VALUES ('218');
INSERT INTO link (lid) VALUES ('219');
INSERT INTO link (lid) VALUES ('220');
INSERT INTO link (lid) VALUES ('221');
INSERT INTO link (lid) VALUES ('222');
INSERT INTO link (lid) VALUES ('223');
INSERT INTO link (lid) VALUES ('224');
INSERT INTO link (lid) VALUES ('225');
INSERT INTO link (lid) VALUES ('226');
INSERT INTO link (lid) VALUES ('227');
INSERT INTO link (lid) VALUES ('228');
INSERT INTO link (lid) VALUES ('229');
INSERT INTO link (lid) VALUES ('230');
INSERT INTO link (lid) VALUES ('231');
INSERT INTO link (lid) VALUES ('232');
INSERT INTO link (lid) VALUES ('233');
INSERT INTO link (lid) VALUES ('234');
INSERT INTO link (lid) VALUES ('235');
INSERT INTO link (lid) VALUES ('236');
INSERT INTO link (lid) VALUES ('237');
INSERT INTO link (lid) VALUES ('238');
INSERT INTO link (lid) VALUES ('239');
INSERT INTO link (lid) VALUES ('240');
INSERT INTO link (lid) VALUES ('241');
INSERT INTO link (lid) VALUES ('242');
INSERT INTO link (lid) VALUES ('243');
INSERT INTO link (lid) VALUES ('244');
INSERT INTO link (lid) VALUES ('245');
INSERT INTO link (lid) VALUES ('246');
INSERT INTO link (lid) VALUES ('247');
INSERT INTO link (lid) VALUES ('248');
INSERT INTO link (lid) VALUES ('249');
INSERT INTO link (lid) VALUES ('250');
INSERT INTO link (lid) VALUES ('251');
INSERT INTO link (lid) VALUES ('252');
INSERT INTO link (lid) VALUES ('253');
INSERT INTO link (lid) VALUES ('254');
INSERT INTO link (lid) VALUES ('255');
INSERT INTO link (lid) VALUES ('256');
INSERT INTO link (lid) VALUES ('257');
INSERT INTO link (lid) VALUES ('258');
INSERT INTO link (lid) VALUES ('259');
INSERT INTO link (lid) VALUES ('260');
INSERT INTO link (lid) VALUES ('261');
INSERT INTO link (lid) VALUES ('262');
INSERT INTO link (lid) VALUES ('263');
INSERT INTO link (lid) VALUES ('264');
INSERT INTO link (lid) VALUES ('265');
INSERT INTO link (lid) VALUES ('266');
INSERT INTO link (lid) VALUES ('267');
INSERT INTO link (lid) VALUES ('268');
INSERT INTO link (lid) VALUES ('269');
INSERT INTO link (lid) VALUES ('270');
INSERT INTO link (lid) VALUES ('271');
INSERT INTO link (lid) VALUES ('272');
INSERT INTO link (lid) VALUES ('273');
INSERT INTO link (lid) VALUES ('274');
INSERT INTO link (lid) VALUES ('275');
INSERT INTO link (lid) VALUES ('276');
INSERT INTO link (lid) VALUES ('277');
INSERT INTO link (lid) VALUES ('278');
INSERT INTO link (lid) VALUES ('279');
INSERT INTO link (lid) VALUES ('280');
INSERT INTO link (lid) VALUES ('281');
INSERT INTO link (lid) VALUES ('282');
INSERT INTO link (lid) VALUES ('283');
INSERT INTO link (lid) VALUES ('284');
INSERT INTO link (lid) VALUES ('285');
INSERT INTO link (lid) VALUES ('286');
INSERT INTO link (lid) VALUES ('287');
INSERT INTO link (lid) VALUES ('288');
INSERT INTO link (lid) VALUES ('289');
INSERT INTO link (lid) VALUES ('290');
INSERT INTO link (lid) VALUES ('291');
INSERT INTO link (lid) VALUES ('292');
INSERT INTO link (lid) VALUES ('293');
INSERT INTO link (lid) VALUES ('294');
INSERT INTO link (lid) VALUES ('295');
INSERT INTO link (lid) VALUES ('296');
INSERT INTO link (lid) VALUES ('297');
INSERT INTO link (lid) VALUES ('298');
INSERT INTO link (lid) VALUES ('299');
INSERT INTO link (lid) VALUES ('300');
INSERT INTO link (lid) VALUES ('301');
INSERT INTO link (lid) VALUES ('302');
INSERT INTO link (lid) VALUES ('303');
INSERT INTO link (lid) VALUES ('304');
INSERT INTO link (lid) VALUES ('305');
INSERT INTO link (lid) VALUES ('306');
INSERT INTO link (lid) VALUES ('307');
INSERT INTO link (lid) VALUES ('308');
INSERT INTO link (lid) VALUES ('309');
INSERT INTO link (lid) VALUES ('310');
INSERT INTO link (lid) VALUES ('311');

INSERT INTO word (link,word,lang) VALUES ('1','mientras','es');
INSERT INTO word (link,word,lang) VALUES ('2','joven','es');
INSERT INTO word (link,word,lang) VALUES ('3','aeropuerto','es');
INSERT INTO word (link,word,lang) VALUES ('4','todo','es');
INSERT INTO word (link,word,lang) VALUES ('5','de todos modos','es');
INSERT INTO word (link,word,lang) VALUES ('6','arquitecto','es');
INSERT INTO word (link,word,lang) VALUES ('7','atleta','es');
INSERT INTO word (link,word,lang) VALUES ('8','principio','es');
INSERT INTO word (link,word,lang) VALUES ('9','pedir prestado','es');
INSERT INTO word (link,word,lang) VALUES ('10','traer','es');
INSERT INTO word (link,word,lang) VALUES ('11','pastel','es');
INSERT INTO word (link,word,lang) VALUES ('12','charlar','es');
INSERT INTO word (link,word,lang) VALUES ('13','comprobar','es');
INSERT INTO word (link,word,lang) VALUES ('14','ajedrez','es');
INSERT INTO word (link,word,lang) VALUES ('15','bebida fría','es');
INSERT INTO word (link,word,lang) VALUES ('16','¡Vamos!','es');
INSERT INTO word (link,word,lang) VALUES ('17','comunicarse','es');
INSERT INTO word (link,word,lang) VALUES ('18','juegos de ordenador','es');
INSERT INTO word (link,word,lang) VALUES ('19','interminable','es');
INSERT INTO word (link,word,lang) VALUES ('20','discúlpeme','es');
INSERT INTO word (link,word,lang) VALUES ('21','flores','es');
INSERT INTO word (link,word,lang) VALUES ('22','pronóstico','es');
INSERT INTO word (link,word,lang) VALUES ('23','historia','es');
INSERT INTO word (link,word,lang) VALUES ('24','intérprete','es');
INSERT INTO word (link,word,lang) VALUES ('25','lista','es');
INSERT INTO word (link,word,lang) VALUES ('26','perdido','es');
INSERT INTO word (link,word,lang) VALUES ('27','hacer posible','es');
INSERT INTO word (link,word,lang) VALUES ('28','muchos más','es');
INSERT INTO word (link,word,lang) VALUES ('29','significar','es');
INSERT INTO word (link,word,lang) VALUES ('30','militar','es');
INSERT INTO word (link,word,lang) VALUES ('31','red','es');
INSERT INTO word (link,word,lang) VALUES ('32','la próxima vez','es');
INSERT INTO word (link,word,lang) VALUES ('33','norte','es');
INSERT INTO word (link,word,lang) VALUES ('34','de negocios','es');
INSERT INTO word (link,word,lang) VALUES ('35','pasaporte','es');
INSERT INTO word (link,word,lang) VALUES ('36','plano','es');
INSERT INTO word (link,word,lang) VALUES ('37','problema','es');
INSERT INTO word (link,word,lang) VALUES ('38','empujar','es');
INSERT INTO word (link,word,lang) VALUES ('39','montar','es');
INSERT INTO word (link,word,lang) VALUES ('40','Ruso','es');
INSERT INTO word (link,word,lang) VALUES ('41','despacio','es');
INSERT INTO word (link,word,lang) VALUES ('42','expendedor','es');
INSERT INTO word (link,word,lang) VALUES ('43','tractor','es');
INSERT INTO word (link,word,lang) VALUES ('44','Televisores rotos','es');
INSERT INTO word (link,word,lang) VALUES ('45','utilizar','es');
INSERT INTO word (link,word,lang) VALUES ('46','web','es');
INSERT INTO word (link,word,lang) VALUES ('47','sitio web','es');
INSERT INTO word (link,word,lang) VALUES ('48','mundial','es');
INSERT INTO word (link,word,lang) VALUES ('49','aerolíneas','es');
INSERT INTO word (link,word,lang) VALUES ('50','extranjero','es');
INSERT INTO word (link,word,lang) VALUES ('51','vivo','es');
INSERT INTO word (link,word,lang) VALUES ('52','asombroso','es');
INSERT INTO word (link,word,lang) VALUES ('53','se convirtió en','es');
INSERT INTO word (link,word,lang) VALUES ('54','convertirse en','es');
INSERT INTO word (link,word,lang) VALUES ('55','sopló','es');
INSERT INTO word (link,word,lang) VALUES ('56','hueso','es');
INSERT INTO word (link,word,lang) VALUES ('57','rompió','es');
INSERT INTO word (link,word,lang) VALUES ('58','traído','es');
INSERT INTO word (link,word,lang) VALUES ('59','vino','es');
INSERT INTO word (link,word,lang) VALUES ('60','capturado','es');
INSERT INTO word (link,word,lang) VALUES ('61','continente','es');
INSERT INTO word (link,word,lang) VALUES ('62','chocar','es');
INSERT INTO word (link,word,lang) VALUES ('63','crimen','es');
INSERT INTO word (link,word,lang) VALUES ('64','peligroso','es');
INSERT INTO word (link,word,lang) VALUES ('65','hizo','es');
INSERT INTO word (link,word,lang) VALUES ('66','no lo hizo','es');
INSERT INTO word (link,word,lang) VALUES ('67','final','es');
INSERT INTO word (link,word,lang) VALUES ('68','enorme','es');
INSERT INTO word (link,word,lang) VALUES ('69','escapar','es');
INSERT INTO word (link,word,lang) VALUES ('70','esperar','es');
INSERT INTO word (link,word,lang) VALUES ('71','explotar','es');
INSERT INTO word (link,word,lang) VALUES ('72','pies','es');
INSERT INTO word (link,word,lang) VALUES ('73','talar','es');
INSERT INTO word (link,word,lang) VALUES ('74','voló','es');
INSERT INTO word (link,word,lang) VALUES ('75','fundar','es');
INSERT INTO word (link,word,lang) VALUES ('76','susto','es');
INSERT INTO word (link,word,lang) VALUES ('77','dio','es');
INSERT INTO word (link,word,lang) VALUES ('78','pistola','es');
INSERT INTO word (link,word,lang) VALUES ('79','tiene','es');
INSERT INTO word (link,word,lang) VALUES ('80','tenido','es');
INSERT INTO word (link,word,lang) VALUES ('81','peluquero','es');
INSERT INTO word (link,word,lang) VALUES ('82','cabeza','es');
INSERT INTO word (link,word,lang) VALUES ('83','ataque del corazón','es');
INSERT INTO word (link,word,lang) VALUES ('84','helicóptero','es');
INSERT INTO word (link,word,lang) VALUES ('85','golpear','es');
INSERT INTO word (link,word,lang) VALUES ('86','Apuesto','es');
INSERT INTO word (link,word,lang) VALUES ('87','invitar','es');
INSERT INTO word (link,word,lang) VALUES ('88','tierra','es');
INSERT INTO word (link,word,lang) VALUES ('89','izquierda','es');
INSERT INTO word (link,word,lang) VALUES ('90','hecho','es');
INSERT INTO word (link,word,lang) VALUES ('91','mi culpa','es');
INSERT INTO word (link,word,lang) VALUES ('92','noticias','es');
INSERT INTO word (link,word,lang) VALUES ('93','encima','es');
INSERT INTO word (link,word,lang) VALUES ('94','paracaídas','es');
INSERT INTO word (link,word,lang) VALUES ('95','coche de policía','es');
INSERT INTO word (link,word,lang) VALUES ('96','premio','es');
INSERT INTO word (link,word,lang) VALUES ('97','poner','es');
INSERT INTO word (link,word,lang) VALUES ('98','corrió','es');
INSERT INTO word (link,word,lang) VALUES ('99','rata','es');
INSERT INTO word (link,word,lang) VALUES ('100','rescatar','es');
INSERT INTO word (link,word,lang) VALUES ('101','robo','es');
INSERT INTO word (link,word,lang) VALUES ('102','huir','es');
INSERT INTO word (link,word,lang) VALUES ('103','dijo','es');
INSERT INTO word (link,word,lang) VALUES ('104','se hundió','es');
INSERT INTO word (link,word,lang) VALUES ('105','sierra','es');
INSERT INTO word (link,word,lang) VALUES ('106','hundirse','es');
INSERT INTO word (link,word,lang) VALUES ('107','situación','es');
INSERT INTO word (link,word,lang) VALUES ('108','nieve','es');
INSERT INTO word (link,word,lang) VALUES ('109','resolver','es');
INSERT INTO word (link,word,lang) VALUES ('110','extraño','es');
INSERT INTO word (link,word,lang) VALUES ('111','sobrevivir a','es');
INSERT INTO word (link,word,lang) VALUES ('112','nadó','es');
INSERT INTO word (link,word,lang) VALUES ('113','ladrón','es');
INSERT INTO word (link,word,lang) VALUES ('114','arrojó','es');
INSERT INTO word (link,word,lang) VALUES ('115','tomó','es');
INSERT INTO word (link,word,lang) VALUES ('116','La presentadora de televisión','es');
INSERT INTO word (link,word,lang) VALUES ('117','Estudio de televisión','es');
INSERT INTO word (link,word,lang) VALUES ('118','inconsciente','es');
INSERT INTO word (link,word,lang) VALUES ('119','despertarse','es');
INSERT INTO word (link,word,lang) VALUES ('120','fue','es');
INSERT INTO word (link,word,lang) VALUES ('121','ganar','es');
INSERT INTO word (link,word,lang) VALUES ('122','despertó','es');
INSERT INTO word (link,word,lang) VALUES ('123','won','es');
INSERT INTO word (link,word,lang) VALUES ('124','que muchos','es');
INSERT INTO word (link,word,lang) VALUES ('125','Usted ve.','es');
INSERT INTO word (link,word,lang) VALUES ('126','pastel de manzana','es');
INSERT INTO word (link,word,lang) VALUES ('127','tocino','es');
INSERT INTO word (link,word,lang) VALUES ('128','proyecto de ley','es');
INSERT INTO word (link,word,lang) VALUES ('129','tarjeta de cumpleaños','es');
INSERT INTO word (link,word,lang) VALUES ('130','café negro','es');
INSERT INTO word (link,word,lang) VALUES ('131','hamburguesa','es');
INSERT INTO word (link,word,lang) VALUES ('132','zanahorias','es');
INSERT INTO word (link,word,lang) VALUES ('133','ciertamente','es');
INSERT INTO word (link,word,lang) VALUES ('134','pollo','es');
INSERT INTO word (link,word,lang) VALUES ('135','cóctel','es');
INSERT INTO word (link,word,lang) VALUES ('136','crema','es');
INSERT INTO word (link,word,lang) VALUES ('137','taza','es');
INSERT INTO word (link,word,lang) VALUES ('138','postre','es');
INSERT INTO word (link,word,lang) VALUES ('139','factura de la luz','es');
INSERT INTO word (link,word,lang) VALUES ('140','sabor','es');
INSERT INTO word (link,word,lang) VALUES ('141','papas fritas','es');
INSERT INTO word (link,word,lang) VALUES ('142','fruta','es');
INSERT INTO word (link,word,lang) VALUES ('143','generación','es');
INSERT INTO word (link,word,lang) VALUES ('144','abuelita','es');
INSERT INTO word (link,word,lang) VALUES ('145','Indio','es');
INSERT INTO word (link,word,lang) VALUES ('146','kilo','es');
INSERT INTO word (link,word,lang) VALUES ('147','lechuga','es');
INSERT INTO word (link,word,lang) VALUES ('148','plato principal','es');
INSERT INTO word (link,word,lang) VALUES ('149','carne','es');
INSERT INTO word (link,word,lang) VALUES ('150','agua mineral','es');
INSERT INTO word (link,word,lang) VALUES ('151','ensalada mezclada','es');
INSERT INTO word (link,word,lang) VALUES ('152','más antiguo','es');
INSERT INTO word (link,word,lang) VALUES ('153','orden','es');
INSERT INTO word (link,word,lang) VALUES ('154','chícharos','es');
INSERT INTO word (link,word,lang) VALUES ('155','tarjeta telefónica','es');
INSERT INTO word (link,word,lang) VALUES ('156','palomitas de maíz','es');
INSERT INTO word (link,word,lang) VALUES ('157','patata','es');
INSERT INTO word (link,word,lang) VALUES ('158','programa','es');
INSERT INTO word (link,word,lang) VALUES ('159','rojo','es');
INSERT INTO word (link,word,lang) VALUES ('160','asado','es');
INSERT INTO word (link,word,lang) VALUES ('161','tamaño','es');
INSERT INTO word (link,word,lang) VALUES ('162','solo','es');
INSERT INTO word (link,word,lang) VALUES ('163','medio','es');
INSERT INTO word (link,word,lang) VALUES ('164','agua sin gas','es');
INSERT INTO word (link,word,lang) VALUES ('165','agua gaseosa','es');
INSERT INTO word (link,word,lang) VALUES ('166','prueba','es');
INSERT INTO word (link,word,lang) VALUES ('167','tomate','es');
INSERT INTO word (link,word,lang) VALUES ('168','esta noche','es');
INSERT INTO word (link,word,lang) VALUES ('169','vainilla','es');
INSERT INTO word (link,word,lang) VALUES ('170','vegetal','es');
INSERT INTO word (link,word,lang) VALUES ('171','café con leche','es');
INSERT INTO word (link,word,lang) VALUES ('172','¡Por supuesto!','es');
INSERT INTO word (link,word,lang) VALUES ('173','actriz','es');
INSERT INTO word (link,word,lang) VALUES ('174','aventura','es');
INSERT INTO word (link,word,lang) VALUES ('175','nadie','es');
INSERT INTO word (link,word,lang) VALUES ('176','','es');
INSERT INTO word (link,word,lang) VALUES ('177','mal','es');
INSERT INTO word (link,word,lang) VALUES ('178','creer','es');
INSERT INTO word (link,word,lang) VALUES ('179','culturista','es');
INSERT INTO word (link,word,lang) VALUES ('180','culturismo','es');
INSERT INTO word (link,word,lang) VALUES ('181','nacido','es');
INSERT INTO word (link,word,lang) VALUES ('182','valiente','es');
INSERT INTO word (link,word,lang) VALUES ('183','valientemente','es');
INSERT INTO word (link,word,lang) VALUES ('184','comedia','es');
INSERT INTO word (link,word,lang) VALUES ('185','salir','es');
INSERT INTO word (link,word,lang) VALUES ('186','concierto','es');
INSERT INTO word (link,word,lang) VALUES ('187','fácilmente','es');
INSERT INTO word (link,word,lang) VALUES ('188','fácil','es');
INSERT INTO word (link,word,lang) VALUES ('189','suficiente','es');
INSERT INTO word (link,word,lang) VALUES ('190','episodio','es');
INSERT INTO word (link,word,lang) VALUES ('191','emocionante','es');
INSERT INTO word (link,word,lang) VALUES ('192','luchar','es');
INSERT INTO word (link,word,lang) VALUES ('193','primero','es');
INSERT INTO word (link,word,lang) VALUES ('194','seguir','es');
INSERT INTO word (link,word,lang) VALUES ('195','luchado','es');
INSERT INTO word (link,word,lang) VALUES ('196','duro','es');
INSERT INTO word (link,word,lang) VALUES ('197','fuertemente','es');
INSERT INTO word (link,word,lang) VALUES ('198','patear','es');
INSERT INTO word (link,word,lang) VALUES ('199','local','es');
INSERT INTO word (link,word,lang) VALUES ('200','en voz alta','es');
INSERT INTO word (link,word,lang) VALUES ('201','modesto','es');
INSERT INTO word (link,word,lang) VALUES ('202','cuello','es');
INSERT INTO word (link,word,lang) VALUES ('203','rápidamente','es');
INSERT INTO word (link,word,lang) VALUES ('204','tranquilamente','es');
INSERT INTO word (link,word,lang) VALUES ('205','razón','es');
INSERT INTO word (link,word,lang) VALUES ('206','reportero','es');
INSERT INTO word (link,word,lang) VALUES ('207','robot','es');
INSERT INTO word (link,word,lang) VALUES ('208','con tristeza','es');
INSERT INTO word (link,word,lang) VALUES ('209','guardar','es');
INSERT INTO word (link,word,lang) VALUES ('210','ciencia ficción','es');
INSERT INTO word (link,word,lang) VALUES ('211','en segundo lugar','es');
INSERT INTO word (link,word,lang) VALUES ('212','velocímetro','es');
INSERT INTO word (link,word,lang) VALUES ('213','especialista','es');
INSERT INTO word (link,word,lang) VALUES ('214','en tercer lugar','es');
INSERT INTO word (link,word,lang) VALUES ('215','a la estrella','es');
INSERT INTO word (link,word,lang) VALUES ('216','girar','es');
INSERT INTO word (link,word,lang) VALUES ('217','desabrochar','es');
INSERT INTO word (link,word,lang) VALUES ('218','palabra','es');
INSERT INTO word (link,word,lang) VALUES ('219','años','es');
INSERT INTO word (link,word,lang) VALUES ('220','barbacoa','es');
INSERT INTO word (link,word,lang) VALUES ('221','bota','es');
INSERT INTO word (link,word,lang) VALUES ('222','Día de Navidad','es');
INSERT INTO word (link,word,lang) VALUES ('223','durante','es');
INSERT INTO word (link,word,lang) VALUES ('224','disfrutar','es');
INSERT INTO word (link,word,lang) VALUES ('225','desfile de moda','es');
INSERT INTO word (link,word,lang) VALUES ('226','casarse','es');
INSERT INTO word (link,word,lang) VALUES ('227','prepararse','es');
INSERT INTO word (link,word,lang) VALUES ('228','hambriento','es');
INSERT INTO word (link,word,lang) VALUES ('229','oyentes','es');
INSERT INTO word (link,word,lang) VALUES ('230','historia de amor','es');
INSERT INTO word (link,word,lang) VALUES ('231','satisfacer','es');
INSERT INTO word (link,word,lang) VALUES ('232','modelo','es');
INSERT INTO word (link,word,lang) VALUES ('233','empacar bolsas','es');
INSERT INTO word (link,word,lang) VALUES ('234','lluvia','es');
INSERT INTO word (link,word,lang) VALUES ('235','sandalia','es');
INSERT INTO word (link,word,lang) VALUES ('236','calcetín','es');
INSERT INTO word (link,word,lang) VALUES ('237','especial','es');
INSERT INTO word (link,word,lang) VALUES ('238','traje de baño','es');
INSERT INTO word (link,word,lang) VALUES ('239','las noticias','es');
INSERT INTO word (link,word,lang) VALUES ('240','sediento','es');
INSERT INTO word (link,word,lang) VALUES ('241','cansado','es');
INSERT INTO word (link,word,lang) VALUES ('242','argumento','es');
INSERT INTO word (link,word,lang) VALUES ('243','bat','es');
INSERT INTO word (link,word,lang) VALUES ('244','compañero de negocios','es');
INSERT INTO word (link,word,lang) VALUES ('245','soltar','es');
INSERT INTO word (link,word,lang) VALUES ('246','huellas dactilares','es');
INSERT INTO word (link,word,lang) VALUES ('247','manejar','es');
INSERT INTO word (link,word,lang) VALUES ('248','oído','es');
INSERT INTO word (link,word,lang) VALUES ('249','conocido','es');
INSERT INTO word (link,word,lang) VALUES ('250','asesinato','es');
INSERT INTO word (link,word,lang) VALUES ('251','asesino','es');
INSERT INTO word (link,word,lang) VALUES ('252','sospechar','es');
INSERT INTO word (link,word,lang) VALUES ('253','mujer','es');
INSERT INTO word (link,word,lang) VALUES ('254','alrededor','es');
INSERT INTO word (link,word,lang) VALUES ('255','adulto','es');
INSERT INTO word (link,word,lang) VALUES ('256','Círculo Polar Ártico','es');
INSERT INTO word (link,word,lang) VALUES ('257','bicicleta','es');
INSERT INTO word (link,word,lang) VALUES ('258','recorrido en autobús','es');
INSERT INTO word (link,word,lang) VALUES ('259','ocupado','es');
INSERT INTO word (link,word,lang) VALUES ('260','costo','es');
INSERT INTO word (link,word,lang) VALUES ('261','diario','es');
INSERT INTO word (link,word,lang) VALUES ('262','excitado','es');
INSERT INTO word (link,word,lang) VALUES ('263','vuelo','es');
INSERT INTO word (link,word,lang) VALUES ('264','volar','es');
INSERT INTO word (link,word,lang) VALUES ('265','futuro','es');
INSERT INTO word (link,word,lang) VALUES ('266','salir a correr','es');
INSERT INTO word (link,word,lang) VALUES ('267','hacer turismo','es');
INSERT INTO word (link,word,lang) VALUES ('268','albergue','es');
INSERT INTO word (link,word,lang) VALUES ('269','mes pasado','es');
INSERT INTO word (link,word,lang) VALUES ('270','afortunado','es');
INSERT INTO word (link,word,lang) VALUES ('271','moto','es');
INSERT INTO word (link,word,lang) VALUES ('272','Nueva Zelandia','es');
INSERT INTO word (link,word,lang) VALUES ('273','plan','es');
INSERT INTO word (link,word,lang) VALUES ('274','mochila','es');
INSERT INTO word (link,word,lang) VALUES ('275','enviar','es');
INSERT INTO word (link,word,lang) VALUES ('276','maleta','es');
INSERT INTO word (link,word,lang) VALUES ('277','agente de viaje','es');
INSERT INTO word (link,word,lang) VALUES ('278','Subterráneo','es');
INSERT INTO word (link,word,lang) VALUES ('279','vía','es');
INSERT INTO word (link,word,lang) VALUES ('280','','es');
INSERT INTO word (link,word,lang) VALUES ('281','por todo el mundo','es');
INSERT INTO word (link,word,lang) VALUES ('282','ministerio de defensa','es');
INSERT INTO word (link,word,lang) VALUES ('283','no importa','es');
INSERT INTO word (link,word,lang) VALUES ('284','no funciona','es');
INSERT INTO word (link,word,lang) VALUES ('285','Dime la vez, por favor.','es');
INSERT INTO word (link,word,lang) VALUES ('286','espere un minuto','es');
INSERT INTO word (link,word,lang) VALUES ('287','al mismo tiempo','es');
INSERT INTO word (link,word,lang) VALUES ('288','cambiar de opinión','es');
INSERT INTO word (link,word,lang) VALUES ('289','a mediados de','es');
INSERT INTO word (link,word,lang) VALUES ('290','en su camino de ... a','es');
INSERT INTO word (link,word,lang) VALUES ('291','¿Qué está pasando?','es');
INSERT INTO word (link,word,lang) VALUES ('292','sentirse como en casa','es');
INSERT INTO word (link,word,lang) VALUES ('293','Aquí tiene.','es');
INSERT INTO word (link,word,lang) VALUES ('294','Sólo estoy buscando','es');
INSERT INTO word (link,word,lang) VALUES ('295','junto a la orilla','es');
INSERT INTO word (link,word,lang) VALUES ('296','vaqueros','es');
INSERT INTO word (link,word,lang) VALUES ('297','¿De qué tamaño es usted?','es');
INSERT INTO word (link,word,lang) VALUES ('298','¿Quieres ...?','es');
INSERT INTO word (link,word,lang) VALUES ('299','ahora mismo','es');
INSERT INTO word (link,word,lang) VALUES ('300','¿De qué color es?','es');
INSERT INTO word (link,word,lang) VALUES ('301','coger un avión','es');
INSERT INTO word (link,word,lang) VALUES ('302','¿hasta cuándo?','es');
INSERT INTO word (link,word,lang) VALUES ('303','es el momento de ir','es');
INSERT INTO word (link,word,lang) VALUES ('304','la siguiente','es');


INSERT INTO word (link,word,lang) VALUES ('1','zatímco','cs');
INSERT INTO word (link,word,lang) VALUES ('2','mladý','cs');
INSERT INTO word (link,word,lang) VALUES ('3','letiště','cs');
INSERT INTO word (link,word,lang) VALUES ('4','vše','cs');
INSERT INTO word (link,word,lang) VALUES ('5','stejně','cs');
INSERT INTO word (link,word,lang) VALUES ('6','architekt','cs');
INSERT INTO word (link,word,lang) VALUES ('7','sportovec','cs');
INSERT INTO word (link,word,lang) VALUES ('8','začátek','cs');
INSERT INTO word (link,word,lang) VALUES ('9','půjčit si','cs');
INSERT INTO word (link,word,lang) VALUES ('10','přinést','cs');
INSERT INTO word (link,word,lang) VALUES ('11','dort','cs');
INSERT INTO word (link,word,lang) VALUES ('12','povídat','cs');
INSERT INTO word (link,word,lang) VALUES ('13','kontrola','cs');
INSERT INTO word (link,word,lang) VALUES ('14','šachy','cs');
INSERT INTO word (link,word,lang) VALUES ('15','studený nápoj','cs');
INSERT INTO word (link,word,lang) VALUES ('16','Tak pojď!','cs');
INSERT INTO word (link,word,lang) VALUES ('17','komunikovat','cs');
INSERT INTO word (link,word,lang) VALUES ('18','počítačové hry','cs');
INSERT INTO word (link,word,lang) VALUES ('19','nekonečný','cs');
INSERT INTO word (link,word,lang) VALUES ('20','promiňte','cs');
INSERT INTO word (link,word,lang) VALUES ('21','květiny','cs');
INSERT INTO word (link,word,lang) VALUES ('22','předpověď','cs');
INSERT INTO word (link,word,lang) VALUES ('23','historie','cs');
INSERT INTO word (link,word,lang) VALUES ('24','tlumočník','cs');
INSERT INTO word (link,word,lang) VALUES ('25','seznam','cs');
INSERT INTO word (link,word,lang) VALUES ('26','ztracený','cs');
INSERT INTO word (link,word,lang) VALUES ('27','umožňují','cs');
INSERT INTO word (link,word,lang) VALUES ('28','mnoho dalších','cs');
INSERT INTO word (link,word,lang) VALUES ('29','průměr','cs');
INSERT INTO word (link,word,lang) VALUES ('30','vojenský','cs');
INSERT INTO word (link,word,lang) VALUES ('31','síť','cs');
INSERT INTO word (link,word,lang) VALUES ('32','příště','cs');
INSERT INTO word (link,word,lang) VALUES ('33','sever','cs');
INSERT INTO word (link,word,lang) VALUES ('34','na podnikání','cs');
INSERT INTO word (link,word,lang) VALUES ('35','pas','cs');
INSERT INTO word (link,word,lang) VALUES ('36','rovina','cs');
INSERT INTO word (link,word,lang) VALUES ('37','problém','cs');
INSERT INTO word (link,word,lang) VALUES ('38','tlačit','cs');
INSERT INTO word (link,word,lang) VALUES ('39','jízda','cs');
INSERT INTO word (link,word,lang) VALUES ('40','Ruština','cs');
INSERT INTO word (link,word,lang) VALUES ('41','pomalu','cs');
INSERT INTO word (link,word,lang) VALUES ('42','parkovací automaty','cs');
INSERT INTO word (link,word,lang) VALUES ('43','traktor','cs');
INSERT INTO word (link,word,lang) VALUES ('44','Televizory zlomené','cs');
INSERT INTO word (link,word,lang) VALUES ('45','použití','cs');
INSERT INTO word (link,word,lang) VALUES ('46','web','cs');
INSERT INTO word (link,word,lang) VALUES ('47','webové stránky','cs');
INSERT INTO word (link,word,lang) VALUES ('48','celosvětově','cs');
INSERT INTO word (link,word,lang) VALUES ('49','letecké společnosti','cs');
INSERT INTO word (link,word,lang) VALUES ('50','cizí','cs');
INSERT INTO word (link,word,lang) VALUES ('51','naživu','cs');
INSERT INTO word (link,word,lang) VALUES ('52','úžasný','cs');
INSERT INTO word (link,word,lang) VALUES ('53','se stal','cs');
INSERT INTO word (link,word,lang) VALUES ('54','stát se','cs');
INSERT INTO word (link,word,lang) VALUES ('55','foukal','cs');
INSERT INTO word (link,word,lang) VALUES ('56','kost','cs');
INSERT INTO word (link,word,lang) VALUES ('57','zlomil','cs');
INSERT INTO word (link,word,lang) VALUES ('58','přinesl','cs');
INSERT INTO word (link,word,lang) VALUES ('59','přišel','cs');
INSERT INTO word (link,word,lang) VALUES ('60','chytil','cs');
INSERT INTO word (link,word,lang) VALUES ('61','kontinent','cs');
INSERT INTO word (link,word,lang) VALUES ('62','pád','cs');
INSERT INTO word (link,word,lang) VALUES ('63','zločin','cs');
INSERT INTO word (link,word,lang) VALUES ('64','nebezpečný','cs');
INSERT INTO word (link,word,lang) VALUES ('65','ano','cs');
INSERT INTO word (link,word,lang) VALUES ('66','ne','cs');
INSERT INTO word (link,word,lang) VALUES ('67','konec','cs');
INSERT INTO word (link,word,lang) VALUES ('68','obrovský','cs');
INSERT INTO word (link,word,lang) VALUES ('69','uniknout','cs');
INSERT INTO word (link,word,lang) VALUES ('70','očekávat','cs');
INSERT INTO word (link,word,lang) VALUES ('71','explodovat','cs');
INSERT INTO word (link,word,lang) VALUES ('72','nohy','cs');
INSERT INTO word (link,word,lang) VALUES ('73','klesl','cs');
INSERT INTO word (link,word,lang) VALUES ('74','letěl','cs');
INSERT INTO word (link,word,lang) VALUES ('75','nalezeno','cs');
INSERT INTO word (link,word,lang) VALUES ('76','hrůza','cs');
INSERT INTO word (link,word,lang) VALUES ('77','dal','cs');
INSERT INTO word (link,word,lang) VALUES ('78','pistole','cs');
INSERT INTO word (link,word,lang) VALUES ('79','dostal','cs');
INSERT INTO word (link,word,lang) VALUES ('80','měl','cs');
INSERT INTO word (link,word,lang) VALUES ('81','kadeřník','cs');
INSERT INTO word (link,word,lang) VALUES ('82','hlava','cs');
INSERT INTO word (link,word,lang) VALUES ('83','infarkt','cs');
INSERT INTO word (link,word,lang) VALUES ('84','vrtulník','cs');
INSERT INTO word (link,word,lang) VALUES ('85','hit','cs');
INSERT INTO word (link,word,lang) VALUES ('86','Vsadím se, že','cs');
INSERT INTO word (link,word,lang) VALUES ('87','pozvat','cs');
INSERT INTO word (link,word,lang) VALUES ('88','země','cs');
INSERT INTO word (link,word,lang) VALUES ('89','vlevo','cs');
INSERT INTO word (link,word,lang) VALUES ('90','vyrobený','cs');
INSERT INTO word (link,word,lang) VALUES ('91','moje chyba','cs');
INSERT INTO word (link,word,lang) VALUES ('92','zprávy','cs');
INSERT INTO word (link,word,lang) VALUES ('93','přes','cs');
INSERT INTO word (link,word,lang) VALUES ('94','padák','cs');
INSERT INTO word (link,word,lang) VALUES ('95','policejní auto','cs');
INSERT INTO word (link,word,lang) VALUES ('96','cena','cs');
INSERT INTO word (link,word,lang) VALUES ('97','obléci','cs');
INSERT INTO word (link,word,lang) VALUES ('98','běžel','cs');
INSERT INTO word (link,word,lang) VALUES ('99','krysa','cs');
INSERT INTO word (link,word,lang) VALUES ('100','zachránit','cs');
INSERT INTO word (link,word,lang) VALUES ('101','loupež','cs');
INSERT INTO word (link,word,lang) VALUES ('102','utéci','cs');
INSERT INTO word (link,word,lang) VALUES ('103','uvedený','cs');
INSERT INTO word (link,word,lang) VALUES ('104','potopila','cs');
INSERT INTO word (link,word,lang) VALUES ('105','viděl','cs');
INSERT INTO word (link,word,lang) VALUES ('106','dřez','cs');
INSERT INTO word (link,word,lang) VALUES ('107','situace','cs');
INSERT INTO word (link,word,lang) VALUES ('108','sníh','cs');
INSERT INTO word (link,word,lang) VALUES ('109','vyřešit','cs');
INSERT INTO word (link,word,lang) VALUES ('110','zvláštní','cs');
INSERT INTO word (link,word,lang) VALUES ('111','přežít','cs');
INSERT INTO word (link,word,lang) VALUES ('112','plaval','cs');
INSERT INTO word (link,word,lang) VALUES ('113','zloděj','cs');
INSERT INTO word (link,word,lang) VALUES ('114','hodil','cs');
INSERT INTO word (link,word,lang) VALUES ('115','se','cs');
INSERT INTO word (link,word,lang) VALUES ('116','Televizní moderátorka','cs');
INSERT INTO word (link,word,lang) VALUES ('117','TV studio','cs');
INSERT INTO word (link,word,lang) VALUES ('118','v bezvědomí','cs');
INSERT INTO word (link,word,lang) VALUES ('119','vzbudit','cs');
INSERT INTO word (link,word,lang) VALUES ('120','šel','cs');
INSERT INTO word (link,word,lang) VALUES ('121','vítězství','cs');
INSERT INTO word (link,word,lang) VALUES ('122','Probudil','cs');
INSERT INTO word (link,word,lang) VALUES ('123','vyhrál','cs');
INSERT INTO word (link,word,lang) VALUES ('124','bando','cs');
INSERT INTO word (link,word,lang) VALUES ('125','Vidíte.','cs');
INSERT INTO word (link,word,lang) VALUES ('126','jablečný koláč','cs');
INSERT INTO word (link,word,lang) VALUES ('127','slanina','cs');
INSERT INTO word (link,word,lang) VALUES ('128','účet','cs');
INSERT INTO word (link,word,lang) VALUES ('129','blahopřání k narozeninám','cs');
INSERT INTO word (link,word,lang) VALUES ('130','černá káva','cs');
INSERT INTO word (link,word,lang) VALUES ('131','hamburger','cs');
INSERT INTO word (link,word,lang) VALUES ('132','mrkev','cs');
INSERT INTO word (link,word,lang) VALUES ('133','jistě','cs');
INSERT INTO word (link,word,lang) VALUES ('134','kuře','cs');
INSERT INTO word (link,word,lang) VALUES ('135','koktejl','cs');
INSERT INTO word (link,word,lang) VALUES ('136','krém','cs');
INSERT INTO word (link,word,lang) VALUES ('137','šálek','cs');
INSERT INTO word (link,word,lang) VALUES ('138','dezert','cs');
INSERT INTO word (link,word,lang) VALUES ('139','elektřinu','cs');
INSERT INTO word (link,word,lang) VALUES ('140','příchuť','cs');
INSERT INTO word (link,word,lang) VALUES ('141','hranolky','cs');
INSERT INTO word (link,word,lang) VALUES ('142','ovoce','cs');
INSERT INTO word (link,word,lang) VALUES ('143','generace','cs');
INSERT INTO word (link,word,lang) VALUES ('144','babička','cs');
INSERT INTO word (link,word,lang) VALUES ('145','Indický','cs');
INSERT INTO word (link,word,lang) VALUES ('146','kilo','cs');
INSERT INTO word (link,word,lang) VALUES ('147','salát','cs');
INSERT INTO word (link,word,lang) VALUES ('148','hlavní chod','cs');
INSERT INTO word (link,word,lang) VALUES ('149','maso','cs');
INSERT INTO word (link,word,lang) VALUES ('150','minerálka','cs');
INSERT INTO word (link,word,lang) VALUES ('151','míchaný salát','cs');
INSERT INTO word (link,word,lang) VALUES ('152','Nejstarší','cs');
INSERT INTO word (link,word,lang) VALUES ('153','objednávka','cs');
INSERT INTO word (link,word,lang) VALUES ('154','hrášek','cs');
INSERT INTO word (link,word,lang) VALUES ('155','telefonní karta','cs');
INSERT INTO word (link,word,lang) VALUES ('156','pražená kukuřice','cs');
INSERT INTO word (link,word,lang) VALUES ('157','brambor','cs');
INSERT INTO word (link,word,lang) VALUES ('158','program','cs');
INSERT INTO word (link,word,lang) VALUES ('159','červený','cs');
INSERT INTO word (link,word,lang) VALUES ('160','pečeně','cs');
INSERT INTO word (link,word,lang) VALUES ('161','velikost','cs');
INSERT INTO word (link,word,lang) VALUES ('162','jednolůžkový','cs');
INSERT INTO word (link,word,lang) VALUES ('163','střední','cs');
INSERT INTO word (link,word,lang) VALUES ('164','neperlivá voda','cs');
INSERT INTO word (link,word,lang) VALUES ('165','perlivá voda','cs');
INSERT INTO word (link,word,lang) VALUES ('166','test','cs');
INSERT INTO word (link,word,lang) VALUES ('167','rajče','cs');
INSERT INTO word (link,word,lang) VALUES ('168','dnes večer','cs');
INSERT INTO word (link,word,lang) VALUES ('169','vanilka','cs');
INSERT INTO word (link,word,lang) VALUES ('170','zeleninový','cs');
INSERT INTO word (link,word,lang) VALUES ('171','bílá káva','cs');
INSERT INTO word (link,word,lang) VALUES ('172','můžete vsadit!','cs');
INSERT INTO word (link,word,lang) VALUES ('173','herečka','cs');
INSERT INTO word (link,word,lang) VALUES ('174','dobrodružství','cs');
INSERT INTO word (link,word,lang) VALUES ('175','někdo','cs');
INSERT INTO word (link,word,lang) VALUES ('176','','cs');
INSERT INTO word (link,word,lang) VALUES ('177','špatně','cs');
INSERT INTO word (link,word,lang) VALUES ('178','věřit','cs');
INSERT INTO word (link,word,lang) VALUES ('179','kulturista','cs');
INSERT INTO word (link,word,lang) VALUES ('180','kulturistika','cs');
INSERT INTO word (link,word,lang) VALUES ('181','narozený','cs');
INSERT INTO word (link,word,lang) VALUES ('182','statečný','cs');
INSERT INTO word (link,word,lang) VALUES ('183','statečně','cs');
INSERT INTO word (link,word,lang) VALUES ('184','komedie','cs');
INSERT INTO word (link,word,lang) VALUES ('185','odejít','cs');
INSERT INTO word (link,word,lang) VALUES ('186','koncert','cs');
INSERT INTO word (link,word,lang) VALUES ('187','snadno','cs');
INSERT INTO word (link,word,lang) VALUES ('188','snadný','cs');
INSERT INTO word (link,word,lang) VALUES ('189','dost','cs');
INSERT INTO word (link,word,lang) VALUES ('190','epizoda','cs');
INSERT INTO word (link,word,lang) VALUES ('191','vzrušující','cs');
INSERT INTO word (link,word,lang) VALUES ('192','bojovat','cs');
INSERT INTO word (link,word,lang) VALUES ('193','za prvé','cs');
INSERT INTO word (link,word,lang) VALUES ('194','následovat','cs');
INSERT INTO word (link,word,lang) VALUES ('195','Bojoval','cs');
INSERT INTO word (link,word,lang) VALUES ('196','těžce','cs');
INSERT INTO word (link,word,lang) VALUES ('197','silně','cs');
INSERT INTO word (link,word,lang) VALUES ('198','kopat','cs');
INSERT INTO word (link,word,lang) VALUES ('199','místní','cs');
INSERT INTO word (link,word,lang) VALUES ('200','hlasitě','cs');
INSERT INTO word (link,word,lang) VALUES ('201','skromný','cs');
INSERT INTO word (link,word,lang) VALUES ('202','krk','cs');
INSERT INTO word (link,word,lang) VALUES ('203','rychle','cs');
INSERT INTO word (link,word,lang) VALUES ('204','klidně','cs');
INSERT INTO word (link,word,lang) VALUES ('205','důvod','cs');
INSERT INTO word (link,word,lang) VALUES ('206','reportér','cs');
INSERT INTO word (link,word,lang) VALUES ('207','robot','cs');
INSERT INTO word (link,word,lang) VALUES ('208','smutně','cs');
INSERT INTO word (link,word,lang) VALUES ('209','uložit','cs');
INSERT INTO word (link,word,lang) VALUES ('210','sci-fi','cs');
INSERT INTO word (link,word,lang) VALUES ('211','za druhé','cs');
INSERT INTO word (link,word,lang) VALUES ('212','rychloměr','cs');
INSERT INTO word (link,word,lang) VALUES ('213','kaskadér','cs');
INSERT INTO word (link,word,lang) VALUES ('214','za třetí','cs');
INSERT INTO word (link,word,lang) VALUES ('215','označit hvězdičkou','cs');
INSERT INTO word (link,word,lang) VALUES ('216','otočit se','cs');
INSERT INTO word (link,word,lang) VALUES ('217','rozepnout','cs');
INSERT INTO word (link,word,lang) VALUES ('218','slovo','cs');
INSERT INTO word (link,word,lang) VALUES ('219','let','cs');
INSERT INTO word (link,word,lang) VALUES ('220','grilování','cs');
INSERT INTO word (link,word,lang) VALUES ('221','bota','cs');
INSERT INTO word (link,word,lang) VALUES ('222','Štědrý den','cs');
INSERT INTO word (link,word,lang) VALUES ('223','během','cs');
INSERT INTO word (link,word,lang) VALUES ('224','těšit','cs');
INSERT INTO word (link,word,lang) VALUES ('225','módní přehlídka','cs');
INSERT INTO word (link,word,lang) VALUES ('226','vdávat','cs');
INSERT INTO word (link,word,lang) VALUES ('227','připravit','cs');
INSERT INTO word (link,word,lang) VALUES ('228','hladový','cs');
INSERT INTO word (link,word,lang) VALUES ('229','posluchači','cs');
INSERT INTO word (link,word,lang) VALUES ('230','milostný příběh','cs');
INSERT INTO word (link,word,lang) VALUES ('231','setkat se','cs');
INSERT INTO word (link,word,lang) VALUES ('232','model','cs');
INSERT INTO word (link,word,lang) VALUES ('233','sbalit kufry','cs');
INSERT INTO word (link,word,lang) VALUES ('234','déšť','cs');
INSERT INTO word (link,word,lang) VALUES ('235','sandál','cs');
INSERT INTO word (link,word,lang) VALUES ('236','ponožka','cs');
INSERT INTO word (link,word,lang) VALUES ('237','speciální','cs');
INSERT INTO word (link,word,lang) VALUES ('238','dámské plavky','cs');
INSERT INTO word (link,word,lang) VALUES ('239','novinky','cs');
INSERT INTO word (link,word,lang) VALUES ('240','žíznivý','cs');
INSERT INTO word (link,word,lang) VALUES ('241','unavený','cs');
INSERT INTO word (link,word,lang) VALUES ('242','argument','cs');
INSERT INTO word (link,word,lang) VALUES ('243','bat','cs');
INSERT INTO word (link,word,lang) VALUES ('244','obchodní partner','cs');
INSERT INTO word (link,word,lang) VALUES ('245','pokles','cs');
INSERT INTO word (link,word,lang) VALUES ('246','otisky prstů','cs');
INSERT INTO word (link,word,lang) VALUES ('247','rukojeť','cs');
INSERT INTO word (link,word,lang) VALUES ('248','slyšet','cs');
INSERT INTO word (link,word,lang) VALUES ('249','splněna','cs');
INSERT INTO word (link,word,lang) VALUES ('250','vražda','cs');
INSERT INTO word (link,word,lang) VALUES ('251','vrah','cs');
INSERT INTO word (link,word,lang) VALUES ('252','podezřelý','cs');
INSERT INTO word (link,word,lang) VALUES ('253','žena','cs');
INSERT INTO word (link,word,lang) VALUES ('254','kolem','cs');
INSERT INTO word (link,word,lang) VALUES ('255','dospělý','cs');
INSERT INTO word (link,word,lang) VALUES ('256','Arctic Circle','cs');
INSERT INTO word (link,word,lang) VALUES ('257','jízdní kolo','cs');
INSERT INTO word (link,word,lang) VALUES ('258','autobusem turné','cs');
INSERT INTO word (link,word,lang) VALUES ('259','zaneprázdněný','cs');
INSERT INTO word (link,word,lang) VALUES ('260','náklady','cs');
INSERT INTO word (link,word,lang) VALUES ('261','deník','cs');
INSERT INTO word (link,word,lang) VALUES ('262','vzrušený','cs');
INSERT INTO word (link,word,lang) VALUES ('263','','cs');
INSERT INTO word (link,word,lang) VALUES ('264','létat','cs');
INSERT INTO word (link,word,lang) VALUES ('265','budoucnost','cs');
INSERT INTO word (link,word,lang) VALUES ('266','jít běhat','cs');
INSERT INTO word (link,word,lang) VALUES ('267','prohlédnout pamětihodnosti','cs');
INSERT INTO word (link,word,lang) VALUES ('268','ubytovna','cs');
INSERT INTO word (link,word,lang) VALUES ('269','poslední měsíc','cs');
INSERT INTO word (link,word,lang) VALUES ('270','šťastný','cs');
INSERT INTO word (link,word,lang) VALUES ('271','motorka','cs');
INSERT INTO word (link,word,lang) VALUES ('272','Nový Zéland','cs');
INSERT INTO word (link,word,lang) VALUES ('273','plán','cs');
INSERT INTO word (link,word,lang) VALUES ('274','batoh','cs');
INSERT INTO word (link,word,lang) VALUES ('275','loď','cs');
INSERT INTO word (link,word,lang) VALUES ('276','kufr','cs');
INSERT INTO word (link,word,lang) VALUES ('277','majitel cestovní kanceláře','cs');
INSERT INTO word (link,word,lang) VALUES ('278','Podzemní','cs');
INSERT INTO word (link,word,lang) VALUES ('279','','cs');
INSERT INTO word (link,word,lang) VALUES ('280','mládežnická ubytovna','cs');
INSERT INTO word (link,word,lang) VALUES ('281','na celém světě','cs');
INSERT INTO word (link,word,lang) VALUES ('282','Ministerstvo obrany','cs');
INSERT INTO word (link,word,lang) VALUES ('283','to nevadí','cs');
INSERT INTO word (link,word,lang) VALUES ('284','to nefunguje','cs');
INSERT INTO word (link,word,lang) VALUES ('285','Řekni mi čas, prosím.','cs');
INSERT INTO word (link,word,lang) VALUES ('286','počkej','cs');
INSERT INTO word (link,word,lang) VALUES ('287','ve stejnou dobu','cs');
INSERT INTO word (link,word,lang) VALUES ('288','rozmyslím','cs');
INSERT INTO word (link,word,lang) VALUES ('289','ve středu','cs');
INSERT INTO word (link,word,lang) VALUES ('290','na cestě z ... na','cs');
INSERT INTO word (link,word,lang) VALUES ('291','Co se děje?','cs');
INSERT INTO word (link,word,lang) VALUES ('292','cítit jako doma','cs');
INSERT INTO word (link,word,lang) VALUES ('293','Prosím.','cs');
INSERT INTO word (link,word,lang) VALUES ('294','Jen se dívám','cs');
INSERT INTO word (link,word,lang) VALUES ('295','u banky','cs');
INSERT INTO word (link,word,lang) VALUES ('296','džíny','cs');
INSERT INTO word (link,word,lang) VALUES ('297','Jakou velikost jste?','cs');
INSERT INTO word (link,word,lang) VALUES ('298','Chtěli byste ...?','cs');
INSERT INTO word (link,word,lang) VALUES ('299','tady a teď','cs');
INSERT INTO word (link,word,lang) VALUES ('300','Jakou to má barvu?','cs');
INSERT INTO word (link,word,lang) VALUES ('301','stihnout letadlo','cs');
INSERT INTO word (link,word,lang) VALUES ('302','jak dlouho?','cs');
INSERT INTO word (link,word,lang) VALUES ('303','je čas jít','cs');
INSERT INTO word (link,word,lang) VALUES ('304','příští','es');

INSERT INTO word (link,word,lang) VALUES ('1','während','de');
INSERT INTO word (link,word,lang) VALUES ('2','junge','de');
INSERT INTO word (link,word,lang) VALUES ('3','Flughafen','de');
INSERT INTO word (link,word,lang) VALUES ('4','alle','de');
INSERT INTO word (link,word,lang) VALUES ('5','ohnehin','de');
INSERT INTO word (link,word,lang) VALUES ('6','Architekt','de');
INSERT INTO word (link,word,lang) VALUES ('7','Leichtathlet','de');
INSERT INTO word (link,word,lang) VALUES ('8','Anfang','de');
INSERT INTO word (link,word,lang) VALUES ('9','leihen','de');
INSERT INTO word (link,word,lang) VALUES ('10','bringen','de');
INSERT INTO word (link,word,lang) VALUES ('11','Kuchen','de');
INSERT INTO word (link,word,lang) VALUES ('12','Chat','de');
INSERT INTO word (link,word,lang) VALUES ('13','überprüfen','de');
INSERT INTO word (link,word,lang) VALUES ('14','Schach','de');
INSERT INTO word (link,word,lang) VALUES ('15','kaltes Getränk','de');
INSERT INTO word (link,word,lang) VALUES ('16','Come on!','de');
INSERT INTO word (link,word,lang) VALUES ('17','kommunizieren','de');
INSERT INTO word (link,word,lang) VALUES ('18','Computerspiele','de');
INSERT INTO word (link,word,lang) VALUES ('19','endlose','de');
INSERT INTO word (link,word,lang) VALUES ('20','entschuldigen Sie mich','de');
INSERT INTO word (link,word,lang) VALUES ('21','Blumen','de');
INSERT INTO word (link,word,lang) VALUES ('22','Vorhersage','de');
INSERT INTO word (link,word,lang) VALUES ('23','Geschichte','de');
INSERT INTO word (link,word,lang) VALUES ('24','Dolmetscher','de');
INSERT INTO word (link,word,lang) VALUES ('25','Liste','de');
INSERT INTO word (link,word,lang) VALUES ('26','verloren','de');
INSERT INTO word (link,word,lang) VALUES ('27','ermöglichen','de');
INSERT INTO word (link,word,lang) VALUES ('28','viele mehr','de');
INSERT INTO word (link,word,lang) VALUES ('29','bedeuten','de');
INSERT INTO word (link,word,lang) VALUES ('30','Militär','de');
INSERT INTO word (link,word,lang) VALUES ('31','Netzwerk','de');
INSERT INTO word (link,word,lang) VALUES ('32','nächstes Mal','de');
INSERT INTO word (link,word,lang) VALUES ('33','nördlich','de');
INSERT INTO word (link,word,lang) VALUES ('34','Business','de');
INSERT INTO word (link,word,lang) VALUES ('35','Reisepass','de');
INSERT INTO word (link,word,lang) VALUES ('36','Flugzeug','de');
INSERT INTO word (link,word,lang) VALUES ('37','Problem','de');
INSERT INTO word (link,word,lang) VALUES ('38','schieben','de');
INSERT INTO word (link,word,lang) VALUES ('39','reiten','de');
INSERT INTO word (link,word,lang) VALUES ('40','Russisch','de');
INSERT INTO word (link,word,lang) VALUES ('41','langsam','de');
INSERT INTO word (link,word,lang) VALUES ('42','Fahrkartenautomat','de');
INSERT INTO word (link,word,lang) VALUES ('43','Traktor','de');
INSERT INTO word (link,word,lang) VALUES ('44','TV gebrochen','de');
INSERT INTO word (link,word,lang) VALUES ('45','verwenden','de');
INSERT INTO word (link,word,lang) VALUES ('46','web','de');
INSERT INTO word (link,word,lang) VALUES ('47','Website','de');
INSERT INTO word (link,word,lang) VALUES ('48','weltweit','de');
INSERT INTO word (link,word,lang) VALUES ('49','Fluggesellschaften','de');
INSERT INTO word (link,word,lang) VALUES ('50','alien','de');
INSERT INTO word (link,word,lang) VALUES ('51','lebendig','de');
INSERT INTO word (link,word,lang) VALUES ('52','erstaunlich','de');
INSERT INTO word (link,word,lang) VALUES ('53','wurde','de');
INSERT INTO word (link,word,lang) VALUES ('54','werden','de');
INSERT INTO word (link,word,lang) VALUES ('55','blies','de');
INSERT INTO word (link,word,lang) VALUES ('56','Knochen','de');
INSERT INTO word (link,word,lang) VALUES ('57','brach','de');
INSERT INTO word (link,word,lang) VALUES ('58','gebracht','de');
INSERT INTO word (link,word,lang) VALUES ('59','kam','de');
INSERT INTO word (link,word,lang) VALUES ('60','gefangen','de');
INSERT INTO word (link,word,lang) VALUES ('61','Kontinent','de');
INSERT INTO word (link,word,lang) VALUES ('62','Absturz','de');
INSERT INTO word (link,word,lang) VALUES ('63','Kriminalität','de');
INSERT INTO word (link,word,lang) VALUES ('64','gefährlich','de');
INSERT INTO word (link,word,lang) VALUES ('65','tat','de');
INSERT INTO word (link,word,lang) VALUES ('66','nicht','de');
INSERT INTO word (link,word,lang) VALUES ('67','Ende','de');
INSERT INTO word (link,word,lang) VALUES ('68','enorme','de');
INSERT INTO word (link,word,lang) VALUES ('69','Flucht','de');
INSERT INTO word (link,word,lang) VALUES ('70','erwarten','de');
INSERT INTO word (link,word,lang) VALUES ('71','explodieren','de');
INSERT INTO word (link,word,lang) VALUES ('72','Füße','de');
INSERT INTO word (link,word,lang) VALUES ('73','fiel','de');
INSERT INTO word (link,word,lang) VALUES ('74','flog','de');
INSERT INTO word (link,word,lang) VALUES ('75','gefunden','de');
INSERT INTO word (link,word,lang) VALUES ('76','Schreck','de');
INSERT INTO word (link,word,lang) VALUES ('77','gab','de');
INSERT INTO word (link,word,lang) VALUES ('78','gun','de');
INSERT INTO word (link,word,lang) VALUES ('79','bekam','de');
INSERT INTO word (link,word,lang) VALUES ('80','hatte','de');
INSERT INTO word (link,word,lang) VALUES ('81','Friseur','de');
INSERT INTO word (link,word,lang) VALUES ('82','Leiter','de');
INSERT INTO word (link,word,lang) VALUES ('83','Herzinfarkt','de');
INSERT INTO word (link,word,lang) VALUES ('84','Hubschrauber','de');
INSERT INTO word (link,word,lang) VALUES ('85','hit','de');
INSERT INTO word (link,word,lang) VALUES ('86','Ich wette','de');
INSERT INTO word (link,word,lang) VALUES ('87','laden','de');
INSERT INTO word (link,word,lang) VALUES ('88','Land','de');
INSERT INTO word (link,word,lang) VALUES ('89','links','de');
INSERT INTO word (link,word,lang) VALUES ('90','gemacht','de');
INSERT INTO word (link,word,lang) VALUES ('91','meine Schuld','de');
INSERT INTO word (link,word,lang) VALUES ('92','Nachrichten','de');
INSERT INTO word (link,word,lang) VALUES ('93','über','de');
INSERT INTO word (link,word,lang) VALUES ('94','Fallschirm','de');
INSERT INTO word (link,word,lang) VALUES ('95','Polizeiauto','de');
INSERT INTO word (link,word,lang) VALUES ('96','Preis','de');
INSERT INTO word (link,word,lang) VALUES ('97','setzen auf','de');
INSERT INTO word (link,word,lang) VALUES ('98','lief','de');
INSERT INTO word (link,word,lang) VALUES ('99','rat','de');
INSERT INTO word (link,word,lang) VALUES ('100','retten','de');
INSERT INTO word (link,word,lang) VALUES ('101','Raub','de');
INSERT INTO word (link,word,lang) VALUES ('102','weglaufen','de');
INSERT INTO word (link,word,lang) VALUES ('103','sagte','de');
INSERT INTO word (link,word,lang) VALUES ('104','sank','de');
INSERT INTO word (link,word,lang) VALUES ('105','sah','de');
INSERT INTO word (link,word,lang) VALUES ('106','sinken','de');
INSERT INTO word (link,word,lang) VALUES ('107','Situation','de');
INSERT INTO word (link,word,lang) VALUES ('108','Schnee','de');
INSERT INTO word (link,word,lang) VALUES ('109','lösen','de');
INSERT INTO word (link,word,lang) VALUES ('110','seltsam','de');
INSERT INTO word (link,word,lang) VALUES ('111','überleben','de');
INSERT INTO word (link,word,lang) VALUES ('112','schwamm','de');
INSERT INTO word (link,word,lang) VALUES ('113','Dieb','de');
INSERT INTO word (link,word,lang) VALUES ('114','warf','de');
INSERT INTO word (link,word,lang) VALUES ('115','nahm','de');
INSERT INTO word (link,word,lang) VALUES ('116','TV-Moderatorin','de');
INSERT INTO word (link,word,lang) VALUES ('117','TV-Studio','de');
INSERT INTO word (link,word,lang) VALUES ('118','bewusstlos','de');
INSERT INTO word (link,word,lang) VALUES ('119','aufwachen','de');
INSERT INTO word (link,word,lang) VALUES ('120','ging','de');
INSERT INTO word (link,word,lang) VALUES ('121','gewinnen','de');
INSERT INTO word (link,word,lang) VALUES ('122','erwachte','de');
INSERT INTO word (link,word,lang) VALUES ('123','gewonnen','de');
INSERT INTO word (link,word,lang) VALUES ('124','Sie viel','de');
INSERT INTO word (link,word,lang) VALUES ('125','Sie sehen.','de');
INSERT INTO word (link,word,lang) VALUES ('126','Apfelkuchen','de');
INSERT INTO word (link,word,lang) VALUES ('127','Speck','de');
INSERT INTO word (link,word,lang) VALUES ('128','bill','de');
INSERT INTO word (link,word,lang) VALUES ('129','Geburtstagskarte','de');
INSERT INTO word (link,word,lang) VALUES ('130','schwarzer Kaffee','de');
INSERT INTO word (link,word,lang) VALUES ('131','burger','de');
INSERT INTO word (link,word,lang) VALUES ('132','Karotten','de');
INSERT INTO word (link,word,lang) VALUES ('133','sicherlich','de');
INSERT INTO word (link,word,lang) VALUES ('134','Huhn','de');
INSERT INTO word (link,word,lang) VALUES ('135','Cocktail','de');
INSERT INTO word (link,word,lang) VALUES ('136','Sahne','de');
INSERT INTO word (link,word,lang) VALUES ('137','Tasse','de');
INSERT INTO word (link,word,lang) VALUES ('138','Dessert','de');
INSERT INTO word (link,word,lang) VALUES ('139','Stromrechnung','de');
INSERT INTO word (link,word,lang) VALUES ('140','Geschmack','de');
INSERT INTO word (link,word,lang) VALUES ('141','frites','de');
INSERT INTO word (link,word,lang) VALUES ('142','Obst','de');
INSERT INTO word (link,word,lang) VALUES ('143','Generation','de');
INSERT INTO word (link,word,lang) VALUES ('144','Oma','de');
INSERT INTO word (link,word,lang) VALUES ('145','Indian','de');
INSERT INTO word (link,word,lang) VALUES ('146','kilo','de');
INSERT INTO word (link,word,lang) VALUES ('147','Salat','de');
INSERT INTO word (link,word,lang) VALUES ('148','Hauptgericht','de');
INSERT INTO word (link,word,lang) VALUES ('149','Fleisch','de');
INSERT INTO word (link,word,lang) VALUES ('150','Mineralwasser','de');
INSERT INTO word (link,word,lang) VALUES ('151','gemischter Salat','de');
INSERT INTO word (link,word,lang) VALUES ('152','älteste','de');
INSERT INTO word (link,word,lang) VALUES ('153','Bestellung','de');
INSERT INTO word (link,word,lang) VALUES ('154','Erbsen','de');
INSERT INTO word (link,word,lang) VALUES ('155','Telefonkarte','de');
INSERT INTO word (link,word,lang) VALUES ('156','Popcorn','de');
INSERT INTO word (link,word,lang) VALUES ('157','Kartoffel','de');
INSERT INTO word (link,word,lang) VALUES ('158','Programm','de');
INSERT INTO word (link,word,lang) VALUES ('159','red','de');
INSERT INTO word (link,word,lang) VALUES ('160','Braten','de');
INSERT INTO word (link,word,lang) VALUES ('161','Größe','de');
INSERT INTO word (link,word,lang) VALUES ('162','Single','de');
INSERT INTO word (link,word,lang) VALUES ('163','Medium','de');
INSERT INTO word (link,word,lang) VALUES ('164','stilles Wasser','de');
INSERT INTO word (link,word,lang) VALUES ('165','Mineralwasser','de');
INSERT INTO word (link,word,lang) VALUES ('166','Test','de');
INSERT INTO word (link,word,lang) VALUES ('167','Tomaten','de');
INSERT INTO word (link,word,lang) VALUES ('168','heute Abend','de');
INSERT INTO word (link,word,lang) VALUES ('169','Vanille','de');
INSERT INTO word (link,word,lang) VALUES ('170','Gemüse','de');
INSERT INTO word (link,word,lang) VALUES ('171','Milchkaffee','de');
INSERT INTO word (link,word,lang) VALUES ('172','Sie wetten!','de');
INSERT INTO word (link,word,lang) VALUES ('173','Schauspielerin','de');
INSERT INTO word (link,word,lang) VALUES ('174','Abenteuer','de');
INSERT INTO word (link,word,lang) VALUES ('175','jedermann','de');
INSERT INTO word (link,word,lang) VALUES ('176','Auszeichnung','de');
INSERT INTO word (link,word,lang) VALUES ('177','schlecht','de');
INSERT INTO word (link,word,lang) VALUES ('178','glauben','de');
INSERT INTO word (link,word,lang) VALUES ('179','Bodybuilder','de');
INSERT INTO word (link,word,lang) VALUES ('180','Bodybuilding','de');
INSERT INTO word (link,word,lang) VALUES ('181','geboren','de');
INSERT INTO word (link,word,lang) VALUES ('182','trotzen','de');
INSERT INTO word (link,word,lang) VALUES ('183','tapfer','de');
INSERT INTO word (link,word,lang) VALUES ('184','Komödie','de');
INSERT INTO word (link,word,lang) VALUES ('185','abgehen','de');
INSERT INTO word (link,word,lang) VALUES ('186','Konzert','de');
INSERT INTO word (link,word,lang) VALUES ('187','leicht','de');
INSERT INTO word (link,word,lang) VALUES ('188','leicht','de');
INSERT INTO word (link,word,lang) VALUES ('189','genug','de');
INSERT INTO word (link,word,lang) VALUES ('190','Folge','de');
INSERT INTO word (link,word,lang) VALUES ('191','aufregend','de');
INSERT INTO word (link,word,lang) VALUES ('192','kämpfen','de');
INSERT INTO word (link,word,lang) VALUES ('193','erstens','de');
INSERT INTO word (link,word,lang) VALUES ('194','folgen','de');
INSERT INTO word (link,word,lang) VALUES ('195','gekämpft','de');
INSERT INTO word (link,word,lang) VALUES ('196','schwer','de');
INSERT INTO word (link,word,lang) VALUES ('197','schwer','de');
INSERT INTO word (link,word,lang) VALUES ('198','Kick','de');
INSERT INTO word (link,word,lang) VALUES ('199','lokalen','de');
INSERT INTO word (link,word,lang) VALUES ('200','laut','de');
INSERT INTO word (link,word,lang) VALUES ('201','bescheiden','de');
INSERT INTO word (link,word,lang) VALUES ('202','Hals','de');
INSERT INTO word (link,word,lang) VALUES ('203','schnell','de');
INSERT INTO word (link,word,lang) VALUES ('204','ruhig','de');
INSERT INTO word (link,word,lang) VALUES ('205','Grund','de');
INSERT INTO word (link,word,lang) VALUES ('206','Berichterstatter','de');
INSERT INTO word (link,word,lang) VALUES ('207','Roboter','de');
INSERT INTO word (link,word,lang) VALUES ('208','traurig','de');
INSERT INTO word (link,word,lang) VALUES ('209','speichern','de');
INSERT INTO word (link,word,lang) VALUES ('210','Sci-Fi','de');
INSERT INTO word (link,word,lang) VALUES ('211','zweitens','de');
INSERT INTO word (link,word,lang) VALUES ('212','Tacho','de');
INSERT INTO word (link,word,lang) VALUES ('213','Stuntman','de');
INSERT INTO word (link,word,lang) VALUES ('214','drittens','de');
INSERT INTO word (link,word,lang) VALUES ('215','um Hauptrolle','de');
INSERT INTO word (link,word,lang) VALUES ('216','umdrehen','de');
INSERT INTO word (link,word,lang) VALUES ('217','unbutton','de');
INSERT INTO word (link,word,lang) VALUES ('218','Wort','de');
INSERT INTO word (link,word,lang) VALUES ('219','Jahre','de');
INSERT INTO word (link,word,lang) VALUES ('220','Grill','de');
INSERT INTO word (link,word,lang) VALUES ('221','booten','de');
INSERT INTO word (link,word,lang) VALUES ('222','Christmas Day','de');
INSERT INTO word (link,word,lang) VALUES ('223','während','de');
INSERT INTO word (link,word,lang) VALUES ('224','genießen','de');
INSERT INTO word (link,word,lang) VALUES ('225','Modenschau','de');
INSERT INTO word (link,word,lang) VALUES ('226','heiraten','de');
INSERT INTO word (link,word,lang) VALUES ('227','fertig machen','de');
INSERT INTO word (link,word,lang) VALUES ('228','hungrig','de');
INSERT INTO word (link,word,lang) VALUES ('229','Zuhörer','de');
INSERT INTO word (link,word,lang) VALUES ('230','Liebesgeschichte','de');
INSERT INTO word (link,word,lang) VALUES ('231','treffen','de');
INSERT INTO word (link,word,lang) VALUES ('232','Modell','de');
INSERT INTO word (link,word,lang) VALUES ('233','Packtaschen','de');
INSERT INTO word (link,word,lang) VALUES ('234','regen','de');
INSERT INTO word (link,word,lang) VALUES ('235','Sandale','de');
INSERT INTO word (link,word,lang) VALUES ('236','Socke','de');
INSERT INTO word (link,word,lang) VALUES ('237','besondere','de');
INSERT INTO word (link,word,lang) VALUES ('238','Badeanzug','de');
INSERT INTO word (link,word,lang) VALUES ('239','die Nachrichten','de');
INSERT INTO word (link,word,lang) VALUES ('240','durstig','de');
INSERT INTO word (link,word,lang) VALUES ('241','müde','de');
INSERT INTO word (link,word,lang) VALUES ('242','Argument','de');
INSERT INTO word (link,word,lang) VALUES ('243','Fledermaus','de');
INSERT INTO word (link,word,lang) VALUES ('244','Geschäftspartner','de');
INSERT INTO word (link,word,lang) VALUES ('245','fallen','de');
INSERT INTO word (link,word,lang) VALUES ('246','Fingerabdrücke','de');
INSERT INTO word (link,word,lang) VALUES ('247','Griff','de');
INSERT INTO word (link,word,lang) VALUES ('248','gehört','de');
INSERT INTO word (link,word,lang) VALUES ('249','erfüllt','de');
INSERT INTO word (link,word,lang) VALUES ('250','Mord','de');
INSERT INTO word (link,word,lang) VALUES ('251','Mörder','de');
INSERT INTO word (link,word,lang) VALUES ('252','Verdacht','de');
INSERT INTO word (link,word,lang) VALUES ('253','Frau','de');
INSERT INTO word (link,word,lang) VALUES ('254','herum','de');
INSERT INTO word (link,word,lang) VALUES ('255','Erwachsenen','de');
INSERT INTO word (link,word,lang) VALUES ('256','Polarkreis','de');
INSERT INTO word (link,word,lang) VALUES ('257','Fahrrad','de');
INSERT INTO word (link,word,lang) VALUES ('258','Bustour','de');
INSERT INTO word (link,word,lang) VALUES ('259','beschäftigt','de');
INSERT INTO word (link,word,lang) VALUES ('260','kosten','de');
INSERT INTO word (link,word,lang) VALUES ('261','Tagebuch','de');
INSERT INTO word (link,word,lang) VALUES ('262','aufgeregt','de');
INSERT INTO word (link,word,lang) VALUES ('263','Flucht','de');
INSERT INTO word (link,word,lang) VALUES ('264','fliegen','de');
INSERT INTO word (link,word,lang) VALUES ('265','Zukunft','de');
INSERT INTO word (link,word,lang) VALUES ('266','joggen','de');
INSERT INTO word (link,word,lang) VALUES ('267','Sightseeing','de');
INSERT INTO word (link,word,lang) VALUES ('268','Herberge','de');
INSERT INTO word (link,word,lang) VALUES ('269','letzten Monat','de');
INSERT INTO word (link,word,lang) VALUES ('270','Glück','de');
INSERT INTO word (link,word,lang) VALUES ('271','Motorrad','de');
INSERT INTO word (link,word,lang) VALUES ('272','Neuseeland','de');
INSERT INTO word (link,word,lang) VALUES ('273','Plan','de');
INSERT INTO word (link,word,lang) VALUES ('274','Rucksack','de');
INSERT INTO word (link,word,lang) VALUES ('275','versenden','de');
INSERT INTO word (link,word,lang) VALUES ('276','Koffer','de');
INSERT INTO word (link,word,lang) VALUES ('277','Reisebüro','de');
INSERT INTO word (link,word,lang) VALUES ('278','U-Bahn','de');
INSERT INTO word (link,word,lang) VALUES ('279','über','de');
INSERT INTO word (link,word,lang) VALUES ('280','Jugendherberge','de');
INSERT INTO word (link,word,lang) VALUES ('281','auf der ganzen Welt','de');
INSERT INTO word (link,word,lang) VALUES ('282','Department of Defense','de');
INSERT INTO word (link,word,lang) VALUES ('283','es spielt keine Rolle','de');
INSERT INTO word (link,word,lang) VALUES ('284','es funktioniert nicht','de');
INSERT INTO word (link,word,lang) VALUES ('285','Sag mir die Zeit','de');
INSERT INTO word (link,word,lang) VALUES ('286','warten Sie eine Minute','de');
INSERT INTO word (link,word,lang) VALUES ('287','gleichzeitig','de');
INSERT INTO word (link,word,lang) VALUES ('288','meine Meinung ändern','de');
INSERT INTO word (link,word,lang) VALUES ('289','inmitten','de');
INSERT INTO word (link,word,lang) VALUES ('290','auf seinem Weg von ... zu','de');
INSERT INTO word (link,word,lang) VALUES ('291','Was ist da los?','de');
INSERT INTO word (link,word,lang) VALUES ('292','wie zu Hause fühlen','de');
INSERT INTO word (link,word,lang) VALUES ('293','Hier','de');
INSERT INTO word (link,word,lang) VALUES ('294','Ich bin gerade auf der Suche','de');
INSERT INTO word (link,word,lang) VALUES ('295','neben der Bank','de');
INSERT INTO word (link,word,lang) VALUES ('296','Jeans','de');
INSERT INTO word (link,word,lang) VALUES ('297','Wie groß bist du?','de');
INSERT INTO word (link,word,lang) VALUES ('298','Möchten Sie','de');
INSERT INTO word (link,word,lang) VALUES ('299','Hier und Jetzt','de');
INSERT INTO word (link,word,lang) VALUES ('300','Welche Farbe hat es?','de');
INSERT INTO word (link,word,lang) VALUES ('301','ein Flugzeug erwischen','de');
INSERT INTO word (link,word,lang) VALUES ('302','wie lange?','de');
INSERT INTO word (link,word,lang) VALUES ('303','es ist Zeit zu gehen','de');
INSERT INTO word (link,word,lang) VALUES ('304','der nächste','de');

INSERT INTO word (link,word,lang) VALUES ('1','while','en');
INSERT INTO word (link,word,lang) VALUES ('2','young','en');
INSERT INTO word (link,word,lang) VALUES ('3','airport','en');
INSERT INTO word (link,word,lang) VALUES ('4','all','en');
INSERT INTO word (link,word,lang) VALUES ('5','anyway','en');
INSERT INTO word (link,word,lang) VALUES ('6','architect','en');
INSERT INTO word (link,word,lang) VALUES ('7','athlete','en');
INSERT INTO word (link,word,lang) VALUES ('8','beginning','en');
INSERT INTO word (link,word,lang) VALUES ('9','borrow','en');
INSERT INTO word (link,word,lang) VALUES ('10','bring','en');
INSERT INTO word (link,word,lang) VALUES ('11','cake','en');
INSERT INTO word (link,word,lang) VALUES ('12','chat','en');
INSERT INTO word (link,word,lang) VALUES ('13','check','en');
INSERT INTO word (link,word,lang) VALUES ('14','chess','en');
INSERT INTO word (link,word,lang) VALUES ('15','cold drink','en');
INSERT INTO word (link,word,lang) VALUES ('16','Come on!','en');
INSERT INTO word (link,word,lang) VALUES ('17','communicate','en');
INSERT INTO word (link,word,lang) VALUES ('18','computer games','en');
INSERT INTO word (link,word,lang) VALUES ('19','endless','en');
INSERT INTO word (link,word,lang) VALUES ('20','excuse me','en');
INSERT INTO word (link,word,lang) VALUES ('21','flowers','en');
INSERT INTO word (link,word,lang) VALUES ('22','forecast','en');
INSERT INTO word (link,word,lang) VALUES ('23','history','en');
INSERT INTO word (link,word,lang) VALUES ('24','interpreter','en');
INSERT INTO word (link,word,lang) VALUES ('25','list','en');
INSERT INTO word (link,word,lang) VALUES ('26','lost','en');
INSERT INTO word (link,word,lang) VALUES ('27','make possible','en');
INSERT INTO word (link,word,lang) VALUES ('28','many more','en');
INSERT INTO word (link,word,lang) VALUES ('29','mean','en');
INSERT INTO word (link,word,lang) VALUES ('30','military','en');
INSERT INTO word (link,word,lang) VALUES ('31','network','en');
INSERT INTO word (link,word,lang) VALUES ('32','next time','en');
INSERT INTO word (link,word,lang) VALUES ('33','north','en');
INSERT INTO word (link,word,lang) VALUES ('34','on business','en');
INSERT INTO word (link,word,lang) VALUES ('35','passport','en');
INSERT INTO word (link,word,lang) VALUES ('36','plane','en');
INSERT INTO word (link,word,lang) VALUES ('37','problem','en');
INSERT INTO word (link,word,lang) VALUES ('38','push','en');
INSERT INTO word (link,word,lang) VALUES ('39','ride','en');
INSERT INTO word (link,word,lang) VALUES ('40','Russian','en');
INSERT INTO word (link,word,lang) VALUES ('41','slowly','en');
INSERT INTO word (link,word,lang) VALUES ('42','ticket machine','en');
INSERT INTO word (link,word,lang) VALUES ('43','tractor','en');
INSERT INTO word (link,word,lang) VALUES ('44',"TV's broken",'en');
INSERT INTO word (link,word,lang) VALUES ('45','use','en');
INSERT INTO word (link,word,lang) VALUES ('46','web','en');
INSERT INTO word (link,word,lang) VALUES ('47','website','en');
INSERT INTO word (link,word,lang) VALUES ('48','worldwide','en');
INSERT INTO word (link,word,lang) VALUES ('49','airlines','en');
INSERT INTO word (link,word,lang) VALUES ('50','alien','en');
INSERT INTO word (link,word,lang) VALUES ('51','alive','en');
INSERT INTO word (link,word,lang) VALUES ('52','amazing','en');
INSERT INTO word (link,word,lang) VALUES ('53','became','en');
INSERT INTO word (link,word,lang) VALUES ('54','become','en');
INSERT INTO word (link,word,lang) VALUES ('55','blew','en');
INSERT INTO word (link,word,lang) VALUES ('56','bone','en');
INSERT INTO word (link,word,lang) VALUES ('57','broke','en');
INSERT INTO word (link,word,lang) VALUES ('58','brought','en');
INSERT INTO word (link,word,lang) VALUES ('59','came','en');
INSERT INTO word (link,word,lang) VALUES ('60','caught','en');
INSERT INTO word (link,word,lang) VALUES ('61','continent','en');
INSERT INTO word (link,word,lang) VALUES ('62','crash','en');
INSERT INTO word (link,word,lang) VALUES ('63','crime','en');
INSERT INTO word (link,word,lang) VALUES ('64','dangerous','en');
INSERT INTO word (link,word,lang) VALUES ('65','did','en');
INSERT INTO word (link,word,lang) VALUES ('66',"didn't",'en');
INSERT INTO word (link,word,lang) VALUES ('67','end','en');
INSERT INTO word (link,word,lang) VALUES ('68','enormous','en');
INSERT INTO word (link,word,lang) VALUES ('69','escape','en');
INSERT INTO word (link,word,lang) VALUES ('70','expect','en');
INSERT INTO word (link,word,lang) VALUES ('71','explode','en');
INSERT INTO word (link,word,lang) VALUES ('72','feet','en');
INSERT INTO word (link,word,lang) VALUES ('73','fell','en');
INSERT INTO word (link,word,lang) VALUES ('74','flew','en');
INSERT INTO word (link,word,lang) VALUES ('75','found','en');
INSERT INTO word (link,word,lang) VALUES ('76','fright','en');
INSERT INTO word (link,word,lang) VALUES ('77','gave','en');
INSERT INTO word (link,word,lang) VALUES ('78','gun','en');
INSERT INTO word (link,word,lang) VALUES ('79','got','en');
INSERT INTO word (link,word,lang) VALUES ('80','had','en');
INSERT INTO word (link,word,lang) VALUES ('81','hairdresser','en');
INSERT INTO word (link,word,lang) VALUES ('82','head','en');
INSERT INTO word (link,word,lang) VALUES ('83','heart attack','en');
INSERT INTO word (link,word,lang) VALUES ('84','helicopter','en');
INSERT INTO word (link,word,lang) VALUES ('85','hit','en');
INSERT INTO word (link,word,lang) VALUES ('86','','en');
INSERT INTO word (link,word,lang) VALUES ('87','invite','en');
INSERT INTO word (link,word,lang) VALUES ('88','land','en');
INSERT INTO word (link,word,lang) VALUES ('89','left','en');
INSERT INTO word (link,word,lang) VALUES ('90','made','en');
INSERT INTO word (link,word,lang) VALUES ('91','my fault','en');
INSERT INTO word (link,word,lang) VALUES ('92','news','en');
INSERT INTO word (link,word,lang) VALUES ('93','over','en');
INSERT INTO word (link,word,lang) VALUES ('94','parachute','en');
INSERT INTO word (link,word,lang) VALUES ('95','police car','en');
INSERT INTO word (link,word,lang) VALUES ('96','prize','en');
INSERT INTO word (link,word,lang) VALUES ('97','put on','en');
INSERT INTO word (link,word,lang) VALUES ('98','ran','en');
INSERT INTO word (link,word,lang) VALUES ('99','rat','en');
INSERT INTO word (link,word,lang) VALUES ('100','rescue','en');
INSERT INTO word (link,word,lang) VALUES ('101','robbery','en');
INSERT INTO word (link,word,lang) VALUES ('102','run away','en');
INSERT INTO word (link,word,lang) VALUES ('103','said','en');
INSERT INTO word (link,word,lang) VALUES ('104','sank','en');
INSERT INTO word (link,word,lang) VALUES ('105','saw','en');
INSERT INTO word (link,word,lang) VALUES ('106','sink','en');
INSERT INTO word (link,word,lang) VALUES ('107','situation','en');
INSERT INTO word (link,word,lang) VALUES ('108','snow','en');
INSERT INTO word (link,word,lang) VALUES ('109','solve','en');
INSERT INTO word (link,word,lang) VALUES ('110','strange','en');
INSERT INTO word (link,word,lang) VALUES ('111','survive','en');
INSERT INTO word (link,word,lang) VALUES ('112','swam','en');
INSERT INTO word (link,word,lang) VALUES ('113','thief','en');
INSERT INTO word (link,word,lang) VALUES ('114','threw','en');
INSERT INTO word (link,word,lang) VALUES ('115','took','en');
INSERT INTO word (link,word,lang) VALUES ('116','TV presenter','en');
INSERT INTO word (link,word,lang) VALUES ('117','TV studio','en');
INSERT INTO word (link,word,lang) VALUES ('118','unconscious','en');
INSERT INTO word (link,word,lang) VALUES ('119','wake up','en');
INSERT INTO word (link,word,lang) VALUES ('120','went','en');
INSERT INTO word (link,word,lang) VALUES ('121','win','en');
INSERT INTO word (link,word,lang) VALUES ('122','woke','en');
INSERT INTO word (link,word,lang) VALUES ('123','won','en');
INSERT INTO word (link,word,lang) VALUES ('124','you lot','en');
INSERT INTO word (link,word,lang) VALUES ('125','You see.','en');
INSERT INTO word (link,word,lang) VALUES ('126','apple pie','en');
INSERT INTO word (link,word,lang) VALUES ('127','bacon','en');
INSERT INTO word (link,word,lang) VALUES ('128','bill','en');
INSERT INTO word (link,word,lang) VALUES ('129','birthday card','en');
INSERT INTO word (link,word,lang) VALUES ('130','black coffee','en');
INSERT INTO word (link,word,lang) VALUES ('131','burger','en');
INSERT INTO word (link,word,lang) VALUES ('132','carrots','en');
INSERT INTO word (link,word,lang) VALUES ('133','certainly','en');
INSERT INTO word (link,word,lang) VALUES ('134','chicken','en');
INSERT INTO word (link,word,lang) VALUES ('135','cocktail','en');
INSERT INTO word (link,word,lang) VALUES ('136','cream','en');
INSERT INTO word (link,word,lang) VALUES ('137','cup','en');
INSERT INTO word (link,word,lang) VALUES ('138','dessert','en');
INSERT INTO word (link,word,lang) VALUES ('139','electricity bill','en');
INSERT INTO word (link,word,lang) VALUES ('140','flavour','en');
INSERT INTO word (link,word,lang) VALUES ('141','fries','en');
INSERT INTO word (link,word,lang) VALUES ('142','fruit','en');
INSERT INTO word (link,word,lang) VALUES ('143','generation','en');
INSERT INTO word (link,word,lang) VALUES ('144','grandma','en');
INSERT INTO word (link,word,lang) VALUES ('145','Indian','en');
INSERT INTO word (link,word,lang) VALUES ('146','kilo','en');
INSERT INTO word (link,word,lang) VALUES ('147','lettuce','en');
INSERT INTO word (link,word,lang) VALUES ('148','main course','en');
INSERT INTO word (link,word,lang) VALUES ('149','meat','en');
INSERT INTO word (link,word,lang) VALUES ('150','mineral water','en');
INSERT INTO word (link,word,lang) VALUES ('151','mixed salad','en');
INSERT INTO word (link,word,lang) VALUES ('152','oldest','en');
INSERT INTO word (link,word,lang) VALUES ('153','order','en');
INSERT INTO word (link,word,lang) VALUES ('154','peas','en');
INSERT INTO word (link,word,lang) VALUES ('155','phone card','en');
INSERT INTO word (link,word,lang) VALUES ('156','popcorn','en');
INSERT INTO word (link,word,lang) VALUES ('157','potato','en');
INSERT INTO word (link,word,lang) VALUES ('158','program','en');
INSERT INTO word (link,word,lang) VALUES ('159','red','en');
INSERT INTO word (link,word,lang) VALUES ('160','roast','en');
INSERT INTO word (link,word,lang) VALUES ('161','size','en');
INSERT INTO word (link,word,lang) VALUES ('162','single','en');
INSERT INTO word (link,word,lang) VALUES ('163','medium','en');
INSERT INTO word (link,word,lang) VALUES ('164','still water','en');
INSERT INTO word (link,word,lang) VALUES ('165','sparkling water','en');
INSERT INTO word (link,word,lang) VALUES ('166','test','en');
INSERT INTO word (link,word,lang) VALUES ('167','tomato','en');
INSERT INTO word (link,word,lang) VALUES ('168','tonight','en');
INSERT INTO word (link,word,lang) VALUES ('169','vanilla','en');
INSERT INTO word (link,word,lang) VALUES ('170','vegetable','en');
INSERT INTO word (link,word,lang) VALUES ('171','white coffee','en');
INSERT INTO word (link,word,lang) VALUES ('172','you bet!','en');
INSERT INTO word (link,word,lang) VALUES ('173','actress','en');
INSERT INTO word (link,word,lang) VALUES ('174','adventure','en');
INSERT INTO word (link,word,lang) VALUES ('175','anyone','en');
INSERT INTO word (link,word,lang) VALUES ('176','award','en');
INSERT INTO word (link,word,lang) VALUES ('177','badly','en');
INSERT INTO word (link,word,lang) VALUES ('178','believe','en');
INSERT INTO word (link,word,lang) VALUES ('179','bodybuilder','en');
INSERT INTO word (link,word,lang) VALUES ('180','bodybuilding','en');
INSERT INTO word (link,word,lang) VALUES ('181','born','en');
INSERT INTO word (link,word,lang) VALUES ('182','brave','en');
INSERT INTO word (link,word,lang) VALUES ('183','bravely','en');
INSERT INTO word (link,word,lang) VALUES ('184','comedy','en');
INSERT INTO word (link,word,lang) VALUES ('185','come off','en');
INSERT INTO word (link,word,lang) VALUES ('186','concert','en');
INSERT INTO word (link,word,lang) VALUES ('187','easily','en');
INSERT INTO word (link,word,lang) VALUES ('188','easy','en');
INSERT INTO word (link,word,lang) VALUES ('189','enough','en');
INSERT INTO word (link,word,lang) VALUES ('190','episode','en');
INSERT INTO word (link,word,lang) VALUES ('191','exciting','en');
INSERT INTO word (link,word,lang) VALUES ('192','fight','en');
INSERT INTO word (link,word,lang) VALUES ('193','firstly','en');
INSERT INTO word (link,word,lang) VALUES ('194','follow','en');
INSERT INTO word (link,word,lang) VALUES ('195','fought','en');
INSERT INTO word (link,word,lang) VALUES ('196','hard','en');
INSERT INTO word (link,word,lang) VALUES ('197','heavily','en');
INSERT INTO word (link,word,lang) VALUES ('198','kick','en');
INSERT INTO word (link,word,lang) VALUES ('199','local','en');
INSERT INTO word (link,word,lang) VALUES ('200','loudly','en');
INSERT INTO word (link,word,lang) VALUES ('201','modest','en');
INSERT INTO word (link,word,lang) VALUES ('202','neck','en');
INSERT INTO word (link,word,lang) VALUES ('203','quickly','en');
INSERT INTO word (link,word,lang) VALUES ('204','quietly','en');
INSERT INTO word (link,word,lang) VALUES ('205','reason','en');
INSERT INTO word (link,word,lang) VALUES ('206','reporter','en');
INSERT INTO word (link,word,lang) VALUES ('207','robot','en');
INSERT INTO word (link,word,lang) VALUES ('208','sadly','en');
INSERT INTO word (link,word,lang) VALUES ('209','save','en');
INSERT INTO word (link,word,lang) VALUES ('210','sci-fi','en');
INSERT INTO word (link,word,lang) VALUES ('211','secondly','en');
INSERT INTO word (link,word,lang) VALUES ('212','speedometer','en');
INSERT INTO word (link,word,lang) VALUES ('213','stuntman','en');
INSERT INTO word (link,word,lang) VALUES ('214','thirdly','en');
INSERT INTO word (link,word,lang) VALUES ('215','to star','en');
INSERT INTO word (link,word,lang) VALUES ('216','turn round','en');
INSERT INTO word (link,word,lang) VALUES ('217','unbutton','en');
INSERT INTO word (link,word,lang) VALUES ('218','word','en');
INSERT INTO word (link,word,lang) VALUES ('219','years old','en');
INSERT INTO word (link,word,lang) VALUES ('220','barbecue','en');
INSERT INTO word (link,word,lang) VALUES ('221','boot','en');
INSERT INTO word (link,word,lang) VALUES ('222','Christmas Day','en');
INSERT INTO word (link,word,lang) VALUES ('223','during','en');
INSERT INTO word (link,word,lang) VALUES ('224','enjoy','en');
INSERT INTO word (link,word,lang) VALUES ('225','fashion show','en');
INSERT INTO word (link,word,lang) VALUES ('226','get married','en');
INSERT INTO word (link,word,lang) VALUES ('227','get ready','en');
INSERT INTO word (link,word,lang) VALUES ('228','hungry','en');
INSERT INTO word (link,word,lang) VALUES ('229','listeners','en');
INSERT INTO word (link,word,lang) VALUES ('230','love story','en');
INSERT INTO word (link,word,lang) VALUES ('231','meet','en');
INSERT INTO word (link,word,lang) VALUES ('232','model','en');
INSERT INTO word (link,word,lang) VALUES ('233','pack bags','en');
INSERT INTO word (link,word,lang) VALUES ('234','rain','en');
INSERT INTO word (link,word,lang) VALUES ('235','sandal','en');
INSERT INTO word (link,word,lang) VALUES ('236','sock','en');
INSERT INTO word (link,word,lang) VALUES ('237','special','en');
INSERT INTO word (link,word,lang) VALUES ('238','swimsuit','en');
INSERT INTO word (link,word,lang) VALUES ('239','the news','en');
INSERT INTO word (link,word,lang) VALUES ('240','thirsty','en');
INSERT INTO word (link,word,lang) VALUES ('241','tired','en');
INSERT INTO word (link,word,lang) VALUES ('242','argument','en');
INSERT INTO word (link,word,lang) VALUES ('243','bat','en');
INSERT INTO word (link,word,lang) VALUES ('244','business partner','en');
INSERT INTO word (link,word,lang) VALUES ('245','drop','en');
INSERT INTO word (link,word,lang) VALUES ('246','fingerprints','en');
INSERT INTO word (link,word,lang) VALUES ('247','handle','en');
INSERT INTO word (link,word,lang) VALUES ('248','heard','en');
INSERT INTO word (link,word,lang) VALUES ('249','met','en');
INSERT INTO word (link,word,lang) VALUES ('250','murder','en');
INSERT INTO word (link,word,lang) VALUES ('251','murderer','en');
INSERT INTO word (link,word,lang) VALUES ('252','suspect','en');
INSERT INTO word (link,word,lang) VALUES ('253','woman','en');
INSERT INTO word (link,word,lang) VALUES ('254','around','en');
INSERT INTO word (link,word,lang) VALUES ('255','adult','en');
INSERT INTO word (link,word,lang) VALUES ('256','Arctic Circle','en');
INSERT INTO word (link,word,lang) VALUES ('257','bicycle','en');
INSERT INTO word (link,word,lang) VALUES ('258','bus tour','en');
INSERT INTO word (link,word,lang) VALUES ('259','busy','en');
INSERT INTO word (link,word,lang) VALUES ('260','cost','en');
INSERT INTO word (link,word,lang) VALUES ('261','diary','en');
INSERT INTO word (link,word,lang) VALUES ('262','excited','en');
INSERT INTO word (link,word,lang) VALUES ('263','flight','en');
INSERT INTO word (link,word,lang) VALUES ('264','fly','en');
INSERT INTO word (link,word,lang) VALUES ('265','future','en');
INSERT INTO word (link,word,lang) VALUES ('266','go jogging','en');
INSERT INTO word (link,word,lang) VALUES ('267','go sightseeing','en');
INSERT INTO word (link,word,lang) VALUES ('268','hostel','en');
INSERT INTO word (link,word,lang) VALUES ('269','last month','en');
INSERT INTO word (link,word,lang) VALUES ('270','lucky','en');
INSERT INTO word (link,word,lang) VALUES ('271','motorbike','en');
INSERT INTO word (link,word,lang) VALUES ('272','New Zealand','en');
INSERT INTO word (link,word,lang) VALUES ('273','plan','en');
INSERT INTO word (link,word,lang) VALUES ('274','rucksack','en');
INSERT INTO word (link,word,lang) VALUES ('275','ship','en');
INSERT INTO word (link,word,lang) VALUES ('276','suitcase','en');
INSERT INTO word (link,word,lang) VALUES ('277','travel agent','en');
INSERT INTO word (link,word,lang) VALUES ('278','Underground','en');
INSERT INTO word (link,word,lang) VALUES ('279','via','en');
INSERT INTO word (link,word,lang) VALUES ('280','youth hostel','en');
INSERT INTO word (link,word,lang) VALUES ('281','all over the world','en');
INSERT INTO word (link,word,lang) VALUES ('282','department of defense','en');
INSERT INTO word (link,word,lang) VALUES ('283','','en');
INSERT INTO word (link,word,lang) VALUES ('284',"it doesn't work",'en');
INSERT INTO word (link,word,lang) VALUES ('285',' bitte.','en');
INSERT INTO word (link,word,lang) VALUES ('286','wait a minute','en');
INSERT INTO word (link,word,lang) VALUES ('287','at the same time','en');
INSERT INTO word (link,word,lang) VALUES ('288','change my mind','en');
INSERT INTO word (link,word,lang) VALUES ('289','in the middle of','en');
INSERT INTO word (link,word,lang) VALUES ('290','on his way from ... to','en');
INSERT INTO word (link,word,lang) VALUES ('291',"What's going on?",'en');
INSERT INTO word (link,word,lang) VALUES ('292','feel at home','en');
INSERT INTO word (link,word,lang) VALUES ('293',' bitte.','en');
INSERT INTO word (link,word,lang) VALUES ('295','next to the bank','en');
INSERT INTO word (link,word,lang) VALUES ('296','pair of jeans','en');
INSERT INTO word (link,word,lang) VALUES ('297','What size are you?','en');
INSERT INTO word (link,word,lang) VALUES ('298',' dass ...?','en');
INSERT INTO word (link,word,lang) VALUES ('299','here and now','en');
INSERT INTO word (link,word,lang) VALUES ('300','What colour is it?','en');
INSERT INTO word (link,word,lang) VALUES ('301','catch a plane','en');
INSERT INTO word (link,word,lang) VALUES ('302','how long?','en');
INSERT INTO word (link,word,lang) VALUES ('304','the next one','en');


INSERT INTO image (link,image) VALUES ('3','ANd9GcQTTh6AAA_frsPCcIxcGHj8WSmgUPnzZAhwqvaTybS7R_AU-gVO8rupSG4z.jpg');
INSERT INTO image (link,image) VALUES ('7','ANd9GcQmnGEY2G6Y-9mPIlZ2S-utzlqJuVcMRXcrICdqrF1ct8oLHAmk8LGQ7NPs.jpg');
INSERT INTO image (link,image) VALUES ('10','ANd9GcQKYKWIZskMi7BdlCkko8cO9n6UM3ezsRGnNixcPCqgxhFhRgGlnB4c2UlE.jpg');
INSERT INTO image (link,image) VALUES ('11','ANd9GcTnI4XGBKnmfsg9Y3UFZS4mKmbkPQvsgb7wFUQdX2hMcDqaNzVy8vLor-A0.jpg');
INSERT INTO image (link,image) VALUES ('13','ANd9GcRWsY8XhHZrS2lL4EipJvYhg73vzD9EJ6msDQMkb_mStIrOhXkhkwB91znY.jpg');
INSERT INTO image (link,image) VALUES ('14','ANd9GcT5wkG5QlniXGD3Fl3RjXhcu7iRpbaOqz-JBwkXAfhA0qlrLacivxNSyIY9.jpg');
INSERT INTO image (link,image) VALUES ('15','ANd9GcQrPe-LSWKmy4riNjShg1VRjB1ZSomFZHWm1znb0AWW778zhf-qJuCucls.jpg');
INSERT INTO image (link,image) VALUES ('17','ANd9GcTdtmoB6Us_0c2XrTR8gT8XesXWHNIBCLJRwdZQ8ugXXq-M_b1eiHjyNh4eeQ.jpg');
INSERT INTO image (link,image) VALUES ('18','ANd9GcREWPc7HNRkA-plQCdcPsOTb9_fq0YT1l5wSdYsJyydyRJRj_2TPJfulKw.jpg');
INSERT INTO image (link,image) VALUES ('21','ANd9GcQKIPPp_Uw7rurvt5J_5sC5NxUTbtZ6m4Oj947WDshvY9ta_EU4m91Vq8o.jpg');
INSERT INTO image (link,image) VALUES ('22','ANd9GcSCOmvFvTWi3IV0Pd2z_5qoUvG6yqdbzDbb-N6J2Gl5GVxPHu1GXKXr_J2d.jpg');
INSERT INTO image (link,image) VALUES ('25','ANd9GcSKdSc-3nPmC_pWEwYy_-iXCWVAgva5N38DzX2kWL8-SxIShQecZumQQac.jpg');
INSERT INTO image (link,image) VALUES ('30','ANd9GcRy0ksN0hnlpgS5xgQhvR7wNMLNeX7t8Be8_-3RTiET3BLhxc_qRafZY6U.jpg');
INSERT INTO image (link,image) VALUES ('33','ANd9GcTILOgIru0xc2je4eB0Ysj-gS8wSnQ_tvIrOgRfun9DNZ5hm76-qSL6YI0.jpg');
INSERT INTO image (link,image) VALUES ('34','ANd9GcS3HjPcd5UTZd-fjefRobhxp_eO_HjyFD46w-gvIBXxu6-zaytahshGv7BEfg.jpg');
INSERT INTO image (link,image) VALUES ('35','ANd9GcSqKqjnAt0W3l5wgI5hYHOdCoHOkMla9tXELKwYWnq5UdMa34HG-aA7-Yc.jpg');
INSERT INTO image (link,image) VALUES ('36','ANd9GcSmcd0Vo7QKeC_P2Ju_o9miC8412wuwCIqne9CKW3Ua06V8TTME4Ff7QycK.jpg');
INSERT INTO image (link,image) VALUES ('38','ANd9GcQk4uL6-mkWm0eurmenMx7-TOpvMjzp_rvgxj6k1UdB18eZcSslsjvxy0Et.jpg');
INSERT INTO image (link,image) VALUES ('41','ANd9GcSnOq1ypkeDVFle3HZM8gIO0Nnd9XZ-7gpKG640q9DeEHieclyc0NozxW0c.jpg');
INSERT INTO image (link,image) VALUES ('42','ANd9GcSXSLvRrtAj2xp1f__S5BKNvuGHk_zEAKikmv8FdaUNvNZlNLLdzxRB2Is.jpg');
INSERT INTO image (link,image) VALUES ('43','ANd9GcSDtHdJtD1urXw-_AGxvIPZcAKPRdTflIeTW1KhJrjNczA1nd0C99Y8VQ.jpg');
INSERT INTO image (link,image) VALUES ('63','ANd9GcTcSIC2toBIzw3Ib7A-ES8S8ssls_kkuFaxWM2vS_6ZgDWVPUVGeNes7CE.jpg');
INSERT INTO image (link,image) VALUES ('71','ANd9GcSEFRMs8VBwndrBV6odlBN3Ww-aBtM1xzesI0phIn1Gji3pk7aE6JgQo4s.jpg');
INSERT INTO image (link,image) VALUES ('72','ANd9GcQrSi4UZCCsba-kE4gv0R2LitJSaFXnZixmCb2Mt4BycEztssGQIpk7Jw.jpg');
INSERT INTO image (link,image) VALUES ('76','ANd9GcSxsqRb2S831PQrSis6kfXX-SOuz2ANhB21WakpalF4WUMmJYhXog4dK9U2.jpg');
INSERT INTO image (link,image) VALUES ('78','ANd9GcTEner3aqaW6k-Fm4oTlYHJ34OsbTa5z4GY2JLrWg7onfDJprgeSxD8OgKH.jpg');
INSERT INTO image (link,image) VALUES ('81','ANd9GcSG5RsGZ6d8K8BYOEZmaJdA1L_DkpP7vfbj_b5D5To3NinQ8PqrxHgMCA.jpg');
INSERT INTO image (link,image) VALUES ('82','ANd9GcR4vgYGNNo98bB0YlrXJnQe8jsZg4DWLaZk2a7cnQAJPyzBz0IoH2gc5fMm.jpg');
INSERT INTO image (link,image) VALUES ('84','ANd9GcTGpHxbYiEwxG-VMJqsuXwMulmahNqOiiacrH1lHfwaQsaRaWxIDNBVu4Q2.jpg');
INSERT INTO image (link,image) VALUES ('88','ANd9GcTPSkJZulbe8gQT-3Nk6Y6p7vUiWVX57c8FoE6Ro3lnjfxhooWpHtrZYA4.jpg');
INSERT INTO image (link,image) VALUES ('89','ANd9GcRA4lTM-JqUk3srJ0TiKNaq9dFlYfWMBx0kTpLPlr8rQQFxatAx2FXawQ.jpg');
INSERT INTO image (link,image) VALUES ('94','ANd9GcRtdbGzI7pM0JRKfulQzWhyJ9kEOnL0kCqswvptz8KdQpbUzcougIcbug8fXg.jpg');
INSERT INTO image (link,image) VALUES ('95','ANd9GcTTp4qfIMiWmlkLbzj0mkbEY6OjMAeceGxoWkTWoBzqoLwPpPQeT4RS9F8.jpg');
INSERT INTO image (link,image) VALUES ('96','ANd9GcSsWRvHvZYOMioLqZsTsxEap_ActJdQGGXXjjPL-Y_QWZ0S-dU8BvLHvJU.jpg');
INSERT INTO image (link,image) VALUES ('99','ANd9GcTWcnni7sITWYIpeOlkWmOEC5AqeNiv5Yx9Xq8IoJoHfbtoFxx0R-0Hmv2j.jpg');
INSERT INTO image (link,image) VALUES ('101','ANd9GcQtCzYKWVB_H9dtEZrEapj7Trdxe8lTjq-6ObiJt30zeirSriBrgocT7w.jpg');
INSERT INTO image (link,image) VALUES ('106','ANd9GcTpBZtaSppjZ2v-zVC7DkuBSGA-AYoiHKwKB0mY3b7qCLohSKB4KCPqdgc.jpg');
INSERT INTO image (link,image) VALUES ('108','ANd9GcSPiLjPqp29CzAL8pQC5al9oe7-cH-wu6ukMr2IPlTdzehmhFdnEf5Xc6-6.jpg');
INSERT INTO image (link,image) VALUES ('112','ANd9GcSGsQWsjItyiBp64gDRJ2b5MBplhtrtAN-zZqLoUtUTVJYlosRycPhI7iI.jpg');
INSERT INTO image (link,image) VALUES ('113','ANd9GcTnY_M2uKe1FLSgovlkf8Y8oS44Z3UWHvP2EMDxbHfN0X53MTMsLFz7b3g.jpg');
INSERT INTO image (link,image) VALUES ('119','ANd9GcS5wSUZBF0wEQPfLht07Zt7h0XZ5Q6KZZJhXzOCA6mLiIfrLFqA5tzJN46l.jpg');
INSERT INTO image (link,image) VALUES ('126','ANd9GcSCYM9o8MSzYkF7BjAHkfxEUdg1pYJx32KMRbcuTl11RtP44oYU3KbqZ6A.jpg');
INSERT INTO image (link,image) VALUES ('127','ANd9GcRvdOk_KvZ2Fm2lhPfddwj61hhOK7oyh6ggAGRXUPr3wyd1f9-d0IyBwqDE.jpg');
INSERT INTO image (link,image) VALUES ('131','ANd9GcR6tPDzLYB5VE9waB6638xnFLI74iT64iEW908vWYr7YS04gBmxajjeDees.jpg');
INSERT INTO image (link,image) VALUES ('132','ANd9GcSRix10wBzNS9_HlvUdu_avgX2B4lhAP_SkYCumDxgRX2hFY4m-uV3SLkU.jpg');
INSERT INTO image (link,image) VALUES ('134','ANd9GcTWsjWhi-98CP5gqy2lnAL4QdeaIEXbfLIMR9ebUgE-JcqCUbd_BMZ_5rzD.jpg');
INSERT INTO image (link,image) VALUES ('138','ANd9GcRyGzNT-8BlNQmvi4_gP61kMTCx-0UDi6dtIF8j6FcufoAfGudJK8nhAK0.jpg');
INSERT INTO image (link,image) VALUES ('141','ANd9GcQ7n06JlNI8ylAbNcJ0QEBbziSyUqKXx9-cCTQXzhQU4vth7NHwOTvv_R0.jpg');
INSERT INTO image (link,image) VALUES ('142','ANd9GcTZOq-nrm3UARWsxwoDjGHzIYu7_Gur5nytd9pyvZ2NmmN55Ll2dXJcv8s.jpg');
INSERT INTO image (link,image) VALUES ('144','ANd9GcRaTs0w2I55s8CmuMHEX8tdv9KKig1stZMTsilz98uE93dLEO26qKmoU9d6.jpg');
INSERT INTO image (link,image) VALUES ('145','ANd9GcS_J5tu0wWObILNQVrVIY6whI30jrOdkiZgW54tzbwDj82-lB9_kRRxH38.jpg');
INSERT INTO image (link,image) VALUES ('147','ANd9GcRUy8HB3kaSkzGMZlrQLWmXJ6QOiOX3nuR2ij5gIX_uGx9D6GqZfUO9B-Qw.jpg');
INSERT INTO image (link,image) VALUES ('149','ANd9GcQCT1uU766blbMDn7C08-fLAdyAuBas--wyuHjcNEQA9zsSM20FFBNlcTI.jpg');
INSERT INTO image (link,image) VALUES ('154','ANd9GcQuly39ozpGr2-4mwxFeVo5e8Vm_h8T0X5d-6Ym44La8Rt0XTSU4SouYs0.jpg');
INSERT INTO image (link,image) VALUES ('156','ANd9GcT2FM2RXf1tJtkBd99LLAidBV4HcWsmFr7JRkgFWuaT6f1i5eiANkKSksI.jpg');
INSERT INTO image (link,image) VALUES ('157','ANd9GcQTIxY1W9mSxd2yYaILeQ6bYYzsz0I9icmlAvC7z2blCI5MhZaeJcBUbEg.jpg');
INSERT INTO image (link,image) VALUES ('159','ANd9GcRmPL7_C__p_sxD9-hKIiD8GLwDkDTHg19QOLWbq9KUXrPm6e-zubA9KtjU.jpg');
INSERT INTO image (link,image) VALUES ('160','ANd9GcRmEO_qfITwUzfwHgs9PWcaFJsHrPvmg0nwG6SS3e5EmKaxiDH9Goonvw.jpg');
INSERT INTO image (link,image) VALUES ('166','ANd9GcRfV4qiDH8I7JUem0bsCHwlRtUOsiYI2aJSjGL_x4IO0OZh-YogbE4MKco.jpg');
INSERT INTO image (link,image) VALUES ('167','ANd9GcTA0xfPRCZRSa1_Qf1PEJnlWIz5Gqk-yGNOANEBQ52S54J_gU3ipaBU6nQ.jpg');
INSERT INTO image (link,image) VALUES ('170','ANd9GcS2yaGflLaQu-GtPJns50TUvq8XF9sEOe3yXAmN0YGOfDdgTWv929bzKLo.jpg');
INSERT INTO image (link,image) VALUES ('171','ANd9GcRcVnTafiWzLI4sHoK1bIkv78rJqOJFhIGF6vrvFRgzsF2Kn8pV3arF-BNS.jpg');
INSERT INTO image (link,image) VALUES ('174','ANd9GcRCvK-DkuONQfQjnKgGL8yAGzLzyPao3ltIYqw8zmcSIe2GWU1rALsLKg.jpg');
INSERT INTO image (link,image) VALUES ('176','ANd9GcQBEQ_I46Jpc_LAXfX_hwzLl1KUVuP15UScq96SiyqNBeC11ZteKA_xa-Az4Q.jpg');
INSERT INTO image (link,image) VALUES ('200','ANd9GcT_eQz0TX6z1VrxGbTJmL80UhbIjD4UVVmh9waru-ZXQCHvwH5jJyDSrw.jpg');
INSERT INTO image (link,image) VALUES ('212','ANd9GcT636JgbfSKdxtpdvACPAH8waJUcLTN12z7kQA5hAWJ0rKmwOq0z04j_8A.jpg');
INSERT INTO image (link,image) VALUES ('220','ANd9GcQVF2CspyhvpUPI-mJv9iLqMd6oez3NSLcrCtUmkvo8kgMPNsfRweeg5Q.jpg');
INSERT INTO image (link,image) VALUES ('221','ANd9GcS0HwZC-U6cVidcQIFquQvUAmYxB5ZplkuK_reYEHyYa7i7rL3XJNfiYQ.jpg');
INSERT INTO image (link,image) VALUES ('228','ANd9GcSyWdYBh7dJJ9SJcKOASWkS8H2v_gK8lN6OOYqyUFenvwcx0eJH2GJ10DZx.jpg');
INSERT INTO image (link,image) VALUES ('235','ANd9GcTc5ewVtEtO7uDrInV_x8dc3g9vxQi7e514pPkHmG_uA-4RAEiK59xSRJI.jpg');
INSERT INTO image (link,image) VALUES ('241','ANd9GcTCprPzCmS6xPSb6h6HHkhnbYGhll3HYQu2oelQl82KHdC38-0Vja8q7nKx.jpg');
INSERT INTO image (link,image) VALUES ('242','ANd9GcTP57JFoe6JEsog6ojLqxcVbQGc1eoStzLabGmLU6zHZa7Y4gj_XClIVQ.jpg');
INSERT INTO image (link,image) VALUES ('243','ANd9GcRcFSHBkZZgcyxiX3HfoujRyniVi3DdFGcG-z_P2F8m9uYO14hLXx4MOTEu.jpg');
INSERT INTO image (link,image) VALUES ('245','ANd9GcQbksf4rbnN2TCjLllIHL4WtMy-oP0NK-puLv2oaZ9oFScPHa_UdQaqEhs.jpg');
INSERT INTO image (link,image) VALUES ('246','ANd9GcSrKzkPLT20ZA38CEvfcYKJNuOwme3Z4LnQNdQgk6vIh05jKIkQfdIm-AK7.jpg');
INSERT INTO image (link,image) VALUES ('247','ANd9GcREVQaS2sNnbnSw51U-_PIBYROsGGNLw2Vfxuxvntr8KtcQzIcRR41TSN09.jpg');
INSERT INTO image (link,image) VALUES ('257','ANd9GcSarUZR-AJDx_ThgTy8m6n4-SW6MwvuYqAhFzt7m20G0dFkKoWra6ULGYs.jpg');
INSERT INTO image (link,image) VALUES ('264','ANd9GcQDUCXA8S3SI332O-Gwwu5jl6voMNhL2TXSmLpvv1I5WBtb-KU5_BaBJ-Rl.jpg');
INSERT INTO image (link,image) VALUES ('271','ANd9GcSYly6cJtcy-RasL_NnfaP4bonGxaLg3TM5qP3pQurpxMY43J21r1IMCNI.jpg');
INSERT INTO image (link,image) VALUES ('272','ANd9GcQ26F-ZVO1Rh990IFikq9GyEuv9Iqa2alw-jU0ZLpCxtbqAfET8WTzzoKc.jpg');
INSERT INTO image (link,image) VALUES ('275','ANd9GcTSo-mKiorgrff0-QFcSHLEaclOcrC-ADy8UzQBaGbdR-8t0oPwcABRWW9Z.jpg');
INSERT INTO image (link,image) VALUES ('276','ANd9GcTbymPU1nk0-5iK-WdAiXgo2AdnmuMzpTd7P25ikIsnF2q4-fB-5Ygw1c4T.jpg');



GRANT ALL ON link TO voc4u;
GRANT ALL ON word TO voc4u;
GRANT ALL ON image TO voc4u;
